航班号,日期,机型,始发地四字,目的地四字,始发时间,到达时间,飞行时间
AIC634,2020.04.16,A319,VABP,VABB,08:15,09:30,已取消
AIC634,2020.04.15,A319,VABP,VABB,08:15,09:30,已取消
AIC634,2020.03.19,A319,VABP,VABB,07:57,09:03,1:06
AIC634,2020.03.18,A319,VABP,VABB,08:20,09:20,已取消
AIC634,2020.03.17,A319,VABP,VABB,08:10,09:18,1:08
AIC634,2020.03.16,A319,VABP,VABB,07:58,09:08,1:10
AIC634,2020.03.14,A319,VABP,VABB,08:19,09:34,1:15
AIC634,2020.03.12,A319,VABP,VABB,07:55,09:03,1:07
AIC634,2020.03.11,A319,VABP,VABB,07:55,09:12,1:17
AIC634,2020.03.10,A319,VABP,VABB,07:55,09:09,1:14
ANA813,2020.05.09,Unknown,RJAA,VYYY,07:28,11:20,6:22
ANA813,2020.05.09,B763,RJAA,VYYY,07:25,24:05,已取消
ANA813,2020.05.06,Unknown,RJAA,VYYY,07:31,11:42,6:40
ANA813,2020.05.06,B763,RJAA,VYYY,07:25,24:05,已取消
ANA813,2020.05.04,Unknown,RJAA,VYYY,07:38,11:33,6:25
ANA813,2020.05.04,B763,RJAA,VYYY,07:25,24:05,已取消
ANA813,2020.05.02,B763,RJAA,VYYY,08:30,24:45,6:45
ANA813,2020.04.29,B763,RJAA,VYYY,07:49,24:09,n/a
ANA813,2020.04.27,B763,RJAA,VYYY,07:37,24:09,n/a
ANA813,2020.04.25,B763,RJAA,VYYY,07:30,11:59,6:59
ANA813,2020.04.24,B763,RJAA,VYYY,07:33,24:27,n/a
ANA813,2020.04.22,B763,RJAA,VYYY,24:10,16:50,已取消
ANA813,2020.04.22,B763,RJAA,VYYY,07:35,11:57,6:52
ANA813,2020.04.21,B763,RJAA,VYYY,24:10,16:50,已取消
ANA813,2020.04.21,B763,RJAA,VYYY,07:46,24:11,6:55
ANA813,2020.04.20,B763,RJAA,VYYY,24:10,16:50,已取消
ANA813,2020.04.20,B763,RJAA,VYYY,07:24,11:55,7:01
ANA813,2020.04.18,Unknown,RJAA,VYYY,24:11,16:38,6:57
ANA813,2020.04.18,B763,RJAA,VYYY,24:10,16:50,已取消
ANA813,2020.04.17,B763,RJAA,VYYY,24:43,17:21,n/a
ANA813,2020.04.14,B763,RJAA,VYYY,24:08,16:53,n/a
ANA813,2020.04.13,B763,RJAA,VYYY,24:31,17:05,n/a
ANA813,2020.04.12,B763,RJAA,VYYY,24:21,17:10,n/a
ANA813,2020.04.10,B763,RJAA,VYYY,24:28,17:14,7:16
ANA813,2020.04.09,B763,RJAA,VYYY,24:23,17:21,n/a
ANA813,2020.04.08,B763,RJAA,VYYY,24:27,17:12,n/a
ANA813,2020.04.05,B763,RJAA,VYYY,24:03,16:56,n/a
ANA813,2020.04.04,B763,RJAA,VYYY,24:23,16:57,n/a
ANA813,2020.04.01,B763,RJAA,VYYY,24:10,16:50,已取消
ANA813,2020.04.01,B763,RJAA,VYYY,24:07,17:00,7:23
ANA813,2020.03.31,B763,RJAA,VYYY,24:10,16:50,已取消
ANA813,2020.03.31,B763,RJAA,VYYY,24:03,16:23,6:50
ANA813,2020.03.29,B763,RJAA,VYYY,24:20,16:38,6:48
ANA813,2020.03.28,B763,RJAA,VYYY,11:13,15:46,7:03
ANA813,2020.03.26,B763,RJAA,VYYY,11:34,16:06,7:02
ANA813,2020.03.24,B763,RJAA,VYYY,11:23,16:19,7:26
ANA813,2020.03.23,B763,RJAA,VYYY,11:11,15:58,7:17
ANA813,2020.03.22,B763,RJAA,VYYY,11:18,15:57,7:09
ANA813,2020.03.21,B763,RJAA,VYYY,11:30,16:05,7:05
ANA813,2020.03.20,B763,RJAA,VYYY,11:19,16:16,7:27
ANA813,2020.03.19,B763,RJAA,VYYY,11:20,16:11,7:21
ANA813,2020.03.18,B763,RJAA,VYYY,11:34,16:20,7:16
ANA813,2020.03.17,B763,RJAA,VYYY,11:29,16:16,7:17
ANA813,2020.03.16,B763,RJAA,VYYY,11:17,15:53,7:06
ANA813,2020.03.15,B763,RJAA,VYYY,11:08,15:48,7:10
ANA813,2020.03.14,B763,RJAA,VYYY,11:19,16:08,7:19
ANA813,2020.03.13,B763,RJAA,VYYY,11:18,15:52,7:04
ANA813,2020.03.12,B763,RJAA,VYYY,11:12,16:02,7:20
ANA813,2020.03.11,B763,RJAA,VYYY,11:10,16:00,7:20
ANA813,2020.03.10,B763,RJAA,VYYY,11:19,16:01,7:12
GLO1698,2020.03.25,B738,SBGR,SBSV,21:20,23:20,已取消
GLO1698,2020.03.24,B738,SBGR,SBSV,21:11,23:10,1:59
GLO1698,2020.03.23,B738,SBGR,SBSV,21:14,23:10,1:56
GLO1698,2020.03.22,B738,SBGR,SBSV,21:08,23:04,1:55
GLO1698,2020.03.21,B738,SBGR,SBSV,21:13,23:19,2:06
GLO1698,2020.03.20,B738,SBGR,SBSV,21:14,23:12,1:58
GLO1698,2020.03.19,B738,SBGR,SBSV,21:19,23:16,1:56
GLO1698,2020.03.18,B738,SBGR,SBSV,21:27,23:18,1:50
GLO1698,2020.03.17,B738,SBGR,SBSV,21:22,23:15,1:52
GLO1698,2020.03.16,B738,SBGR,SBSV,21:29,23:22,1:52
GLO1698,2020.03.15,B738,SBGR,SBSV,21:18,23:13,1:54
GLO1698,2020.03.14,B738,SBGR,SBSV,21:18,23:14,1:56
GLO1698,2020.03.13,B738,SBGR,SBSV,22:35,12:31,1:56
GLO1698,2020.03.12,B738,SBGR,SBSV,21:25,23:26,2:01
GLO1698,2020.03.11,B738,SBGR,SBSV,21:24,23:20,1:56
GLO1698,2020.03.10,B738,SBGR,SBSV,21:25,23:20,1:54
GLO1698,2020.03.09,B738,SBGR,SBSV,21:28,23:27,1:59
ANZ428,2020.06.07,A320,NZWN,NZAA,13:05,13:51,0:45
ANZ428,2020.06.06,A320,NZWN,NZAA,24:55,13:40,0:44
ANZ428,2020.06.05,A320,NZWN,NZAA,13:03,13:49,0:46
ANZ428,2020.06.04,A320,NZWN,NZAA,13:16,14:07,0:50
ANZ428,2020.06.03,A320,NZWN,NZAA,24:51,13:38,0:47
ANZ428,2020.06.02,A320,NZWN,NZAA,13:03,13:52,0:48
ANZ428,2020.06.01,A21N,NZWN,NZAA,13:15,14:02,0:46
ANZ428,2020.05.31,A320,NZWN,NZAA,13:02,13:48,0:45
ANZ428,2020.05.29,A320,NZWN,NZAA,13:01,13:47,0:45
ANZ428,2020.05.28,A21N,NZWN,NZAA,13:02,13:49,0:46
ANZ428,2020.05.27,A320,NZWN,NZAA,13:04,13:48,0:43
ANZ428,2020.05.26,A320,NZWN,NZAA,15:50,16:34,0:43
ANZ428,2020.05.25,A21N,NZWN,NZAA,13:47,14:48,1:01
ANZ428,2020.05.24,A320,NZWN,NZAA,24:58,13:45,0:46
ANZ428,2020.05.23,A320,NZWN,NZAA,24:53,13:37,0:43
ANZ428,2020.05.22,A320,NZWN,NZAA,24:53,13:38,0:44
ANZ428,2020.05.21,A320,NZWN,NZAA,24:53,13:35,0:41
ANZ428,2020.05.20,A320,NZWN,NZAA,13:02,13:43,0:40
ANZ428,2020.05.19,A320,NZWN,NZAA,24:55,13:36,0:40
ANZ428,2020.05.18,A320,NZWN,NZAA,24:56,13:42,0:45
ANZ428,2020.03.28,A320,NZWN,NZAA,24:55,13:40,已取消
ANZ428,2020.03.27,A320,NZWN,NZAA,24:55,13:42,0:46
ANZ428,2020.03.26,A320,NZWN,NZAA,24:54,13:38,0:44
ANZ428,2020.03.25,A320,NZWN,NZAA,24:59,13:42,0:42
ANZ428,2020.03.24,A320,NZWN,NZAA,13:03,13:46,0:42
ANZ428,2020.03.23,A320,NZWN,NZAA,24:53,13:43,0:50
ANZ428,2020.03.21,A320,NZWN,NZAA,24:55,13:40,已取消
ANZ428,2020.03.20,A320,NZWN,NZAA,13:07,13:52,0:45
ANZ428,2020.03.19,A320,NZWN,NZAA,13:06,13:52,0:46
ANZ428,2020.03.18,A320,NZWN,NZAA,24:58,13:45,0:47
ANZ428,2020.03.17,A320,NZWN,NZAA,13:11,13:57,0:45
ANZ428,2020.03.16,A320,NZWN,NZAA,13:00,13:46,0:45
ANZ428,2020.03.15,A320,NZWN,NZAA,24:53,13:38,0:44
ANZ428,2020.03.14,A320,NZWN,NZAA,13:05,13:48,0:43
ANZ428,2020.03.13,A320,NZWN,NZAA,24:53,13:36,0:43
ANZ428,2020.03.12,A320,NZWN,NZAA,13:04,13:48,0:43
ANZ428,2020.03.11,A320,NZWN,NZAA,24:47,13:42,0:54
QFA797,2020.03.27,B738,YBAS,YMML,11:45,15:32,2:16
QFA797,2020.03.25,B738,YBAS,YMML,11:49,15:41,2:22
QFA797,2020.03.23,B738,YBAS,YMML,11:50,15:36,2:16
QFA797,2020.03.22,B738,YBAS,YMML,11:47,15:31,2:14
QFA797,2020.03.20,B738,YBAS,YMML,11:39,15:32,2:23
QFA797,2020.03.18,B738,YBAS,YMML,11:47,15:43,2:25
QFA797,2020.03.16,B738,YBAS,YMML,11:41,15:36,2:24
QFA797,2020.03.15,B738,YBAS,YMML,11:43,15:48,2:34
QFA797,2020.03.13,B738,YBAS,YMML,11:52,15:41,2:18
QFA797,2020.03.11,B738,YBAS,YMML,11:42,15:32,2:19
SWA2854,2020.05.01,B737,KMDW,KATL,17:07,19:24,1:17
SWA2854,2020.04.30,B738,KMDW,KATL,16:49,19:03,1:13
SWA2854,2020.04.29,B737,KMDW,KATL,16:53,19:21,1:27
SWA2854,2020.04.28,B737,KMDW,KATL,16:50,19:09,1:18
SWA2854,2020.04.27,B737,KMDW,KATL,16:55,19:35,已取消
SWA2854,2020.04.24,B737,KMDW,KATL,16:49,19:15,1:25
SWA2854,2020.04.23,B737,KMDW,KATL,16:44,19:09,1:24
SWA2854,2020.04.22,B737,KMDW,KATL,16:49,19:09,1:19
SWA2854,2020.04.21,B737,KMDW,KATL,16:55,19:35,已取消
SWA2854,2020.04.20,B737,KMDW,KATL,16:55,19:35,已取消
SWA2854,2020.04.17,B737,KMDW,KATL,16:55,19:35,已取消
SWA2854,2020.04.16,B737,KMDW,KATL,16:55,19:35,已取消
SWA2854,2020.04.15,B737,KMDW,KATL,16:51,19:12,1:20
SWA2854,2020.04.14,B737,KMDW,KATL,16:55,19:35,已取消
SWA2854,2020.04.11,B737,KDEN,KBOS,10:21,15:34,3:12
SWA2854,2020.04.04,B737,KDEN,KBOS,10:25,15:55,已取消
SWA2854,2020.03.28,B737,KDEN,KBOS,10:22,15:33,3:10
SWA2854,2020.03.21,B737,KDEN,KBOS,10:26,15:34,3:07
SWA2854,2020.03.14,B737,KDEN,KBOS,10:37,15:44,3:06
DAL1998,2020.03.28,MD88,KMIA,KATL,18:24,19:52,已取消
DAL1998,2020.03.28,MD80,KATL,KMIA,15:27,16:53,已取消
DAL1998,2020.03.27,A321,KMIA,KATL,18:22,19:58,已取消
DAL1998,2020.03.27,A321,KATL,KMIA,15:34,17:08,已取消
DAL1998,2020.03.26,A321,KMIA,KATL,18:22,19:55,已取消
DAL1998,2020.03.26,A321,KATL,KMIA,15:26,16:52,已取消
DAL1998,2020.03.25,A321,KMIA,KATL,18:22,20:00,已取消
DAL1998,2020.03.25,A321,KATL,KMIA,15:26,16:50,已取消
DAL1998,2020.03.24,A321,KMIA,KATL,18:22,19:58,已取消
DAL1998,2020.03.24,A321,KATL,KMIA,15:26,16:50,已取消
DAL1998,2020.03.23,A321,KMIA,KATL,18:22,19:55,已取消
DAL1998,2020.03.23,A321,KATL,KMIA,15:26,16:53,已取消
DAL1998,2020.03.22,A321,KATL,KMIA,15:26,16:54,已取消
DAL1998,2020.03.21,MD88,KMIA,KATL,18:27,19:52,1:25
DAL1998,2020.03.21,MD88,KATL,KMIA,15:33,16:57,1:23
DAL1998,2020.03.20,A321,KATL,KMIA,15:26,16:53,已取消
DAL1998,2020.03.19,A321,KMIA,KATL,18:39,20:05,1:26
DAL1998,2020.03.19,A321,KATL,KMIA,15:37,17:00,1:23
DAL1998,2020.03.18,A321,KMIA,KATL,18:25,19:52,1:27
DAL1998,2020.03.18,A321,KATL,KMIA,15:31,16:54,1:23
DAL1998,2020.03.17,A321,KMIA,KATL,18:27,19:52,1:24
DAL1998,2020.03.17,A321,KATL,KMIA,15:37,16:59,1:21
DAL1998,2020.03.16,A321,KMIA,KATL,18:29,19:57,1:28
DAL1998,2020.03.16,A321,KATL,KMIA,15:32,16:54,1:21
DAL1998,2020.03.15,A321,KMIA,KATL,18:50,20:18,1:27
DAL1998,2020.03.15,A321,KATL,KMIA,15:36,17:00,1:23
DAL1998,2020.03.14,MD88,KMIA,KATL,19:48,21:12,1:23
DAL1998,2020.03.14,MD88,KATL,KMIA,17:06,18:30,1:24
DAL1998,2020.03.13,A321,KMIA,KATL,18:30,19:55,1:24
DAL1998,2020.03.13,A321,KATL,KMIA,15:33,16:53,1:19
DAL1998,2020.03.12,A321,KMIA,KATL,18:32,20:10,1:37
DAL1998,2020.03.12,A321,KATL,KMIA,15:35,16:53,1:17
DAL1998,2020.03.11,MD90,KMIA,KATL,18:15,19:42,1:26
DAL1998,2020.03.11,MD90,KATL,KMIA,15:28,16:51,1:23
DAL1998,2020.03.10,MD90,KMIA,KATL,18:15,19:44,1:28
DAL1998,2020.03.10,MD90,KATL,KMIA,15:21,16:42,1:21
AIQ3102,2020.06.12,A320,VTBD,VTSS,08:45,09:45,已排班
AIQ3102,2020.06.11,A320,VTBD,VTSS,08:45,09:45,已排班
AIQ3102,2020.06.10,A320,VTBD,VTSS,08:45,09:53,1:08
AIQ3102,2020.06.09,A320,VTBD,VTSS,08:46,09:52,1:05
AIQ3102,2020.06.08,A320,VTBD,VTSS,08:44,09:51,1:06
AIQ3102,2020.06.07,A320,VTBD,VTSS,08:47,09:55,1:07
AIQ3102,2020.06.06,A320,VTBD,VTSS,08:38,09:46,1:07
AIQ3102,2020.06.05,A320,VTBD,VTSS,08:46,09:53,1:06
AIQ3102,2020.06.04,A320,VTBD,VTSS,08:53,10:00,1:06
AIQ3102,2020.06.03,A320,VTBD,VTSS,08:44,09:49,1:04
AIQ3102,2020.06.02,A320,VTBD,VTSS,08:45,09:50,1:05
AIQ3102,2020.06.01,A320,VTBD,VTSS,08:41,09:47,1:05
AIQ3102,2020.03.31,A320,VTBD,VTSS,06:45,07:44,0:58
AIQ3102,2020.03.30,A320,VTBD,VTSS,06:51,07:54,1:02
AIQ3102,2020.03.29,A320,VTBD,VTSS,06:42,07:43,1:00
AIQ3102,2020.03.28,A320,VTBD,VTSS,06:39,07:45,1:05
AIQ3102,2020.03.27,A320,VTBD,VTSS,06:47,07:46,0:58
AIQ3102,2020.03.26,A320,VTBD,VTSS,06:35,07:35,0:59
AIQ3102,2020.03.25,A320,VTBD,VTSS,06:33,07:34,1:00
AIQ3102,2020.03.24,A320,VTBD,VTSS,06:36,07:38,1:01
AIQ3102,2020.03.23,A320,VTBD,VTSS,06:34,07:34,0:59
AIQ3102,2020.03.22,A320,VTBD,VTSS,06:40,07:42,1:01
AIQ3102,2020.03.21,A320,VTBD,VTSS,06:47,07:48,1:00
AIQ3102,2020.03.20,A320,VTBD,VTSS,06:37,07:46,1:08
AIQ3102,2020.03.19,A320,VTBD,VTSS,06:36,07:40,1:03
AIQ3102,2020.03.18,A320,VTBD,VTSS,06:37,07:36,0:58
AIQ3102,2020.03.17,A320,VTBD,VTSS,06:34,07:35,1:00
AIQ3102,2020.03.16,A320,VTBD,VTSS,06:40,07:40,0:59
AIQ3102,2020.03.15,A320,VTBD,VTSS,06:39,07:38,0:58
AIQ3102,2020.03.14,A320,VTBD,VTSS,06:35,07:35,0:59
AIQ3102,2020.03.13,A320,VTBD,VTSS,06:43,07:43,0:59
AIQ3102,2020.03.12,A320,VTBD,VTSS,06:42,07:42,0:59
AIQ3102,2020.03.11,A320,VTBD,VTSS,06:43,07:42,0:58
RPA4343,2020.06.11,E75L,KPHL,KEYW,10:58,13:33,已排班
RPA4343,2020.06.10,E75L,KPHL,KEYW,11:09,13:40,在途中
RPA4343,2020.06.08,E75L,KPHL,KEYW,10:57,13:30,2:32
RPA4343,2020.06.07,E75S,KPHL,KEYW,11:08,13:48,2:40
RPA4343,2020.06.06,E75S,KDCA,KEYW,24:07,14:32,2:24
RPA4343,2020.06.05,E75L,KPHL,KEYW,10:55,13:40,2:45
RPA4343,2020.06.04,E75S,KPHL,KEYW,11:05,13:41,2:36
RPA4343,2020.06.03,E75S,KMIA,KEYW,14:47,15:20,0:33
RPA4343,2020.06.03,E75S,KPHL,KMIA,10:59,13:56,2:57
RPA4343,2020.06.01,E75L,KPHL,KEYW,10:57,13:29,2:32
RPA4343,2020.05.31,E75S,KPHL,KEYW,11:02,13:42,2:40
RPA4343,2020.05.29,E75L,KPHL,KEYW,10:53,13:33,2:40
RPA4343,2020.05.28,E75S,KPHL,KEYW,10:56,13:47,2:50
RPA4343,2020.05.27,E75L,KPHL,KEYW,11:06,13:51,2:45
RPA4343,2020.05.25,E75L,KPHL,KEYW,11:00,13:54,2:54
RPA4343,2020.05.24,E75L,KPHL,KEYW,10:55,13:41,2:46
RPA4343,2020.05.22,E75L,KPHL,KEYW,11:22,14:20,2:58
RPA4343,2020.05.21,E75S,KPHL,KEYW,10:55,13:39,2:44
RPA4343,2020.05.20,E75S,KPHL,KEYW,10:47,13:27,2:40
RPA4343,2020.05.18,E75S,KPHL,KEYW,10:51,13:51,2:59
RPA4343,2020.05.17,E75S,KPHL,KEYW,11:06,13:46,2:40
RPA4343,2020.05.15,E75S,KPHL,KEYW,11:01,13:42,2:40
RPA4343,2020.05.14,E75S,KPHL,KEYW,11:09,13:49,2:39
RPA4343,2020.05.13,E75S,KPHL,KEYW,10:49,13:24,2:34
RPA4343,2020.05.11,E75S,KPHL,KEYW,10:50,13:29,2:39
RPA4343,2020.05.10,E75S,KPHL,KEYW,11:11,14:19,3:07
RPA4343,2020.05.08,E75S,KPHL,KEYW,10:51,13:37,2:46
RPA4343,2020.05.07,E75S,KPHL,KEYW,10:56,13:41,2:44
RPA4343,2020.05.03,E75S,KATL,KPHL,07:59,09:35,1:35
RPA4343,2020.04.29,E75S,KATL,KPHL,07:56,09:26,1:29
RPA4343,2020.04.28,E75S,KATL,KPHL,05:51,07:26,1:35
RPA4343,2020.04.20,E75S,KATL,KPHL,05:29,06:54,1:25
RPA4343,2020.04.13,E75S,KATL,KPHL,05:28,07:12,1:43
RPA4343,2020.04.09,E75S,KATL,KPHL,07:51,09:35,1:44
RPA4343,2020.04.08,E75S,KATL,KPHL,07:53,09:38,1:44
RPA4343,2020.04.05,E75S,KLGA,KCVG,21:08,22:40,1:32
RPA4343,2020.04.03,E75L,KLGA,KCVG,21:20,22:47,1:26
RPA4343,2020.04.02,E75S,KLGA,KCVG,21:13,22:41,1:28
RPA4343,2020.04.01,E75S,KLGA,KCVG,21:13,22:42,1:28
RPA4343,2020.03.31,E75S,KLGA,KCVG,21:12,22:46,1:33
RPA4343,2020.03.29,E75S,KLGA,KCVG,21:05,22:55,1:50
RPA4343,2020.03.28,E75L,KLGA,KCVG,21:23,23:07,1:43
RPA4343,2020.03.26,E75L,KLGA,KCVG,21:26,23:06,1:39
RPA4343,2020.03.25,E75L,KLGA,KCVG,21:10,22:44,1:33
RPA4343,2020.03.24,E75L,KLGA,KCVG,23:24,01:21,1:56
RPA4343,2020.03.23,E75L,KLGA,KCVG,21:21,23:05,1:44
RPA4343,2020.03.22,E75L,KLGA,KCVG,21:18,23:04,1:46
RPA4343,2020.03.21,E75L,KLGA,KCVG,21:27,23:18,1:50
RPA4343,2020.03.20,E75L,KLGA,KCVG,21:14,23:02,1:47
RPA4343,2020.03.19,E75L,KLGA,KCVG,21:21,23:00,1:38
RPA4343,2020.03.18,E75L,KLGA,KCVG,21:14,22:57,1:42
RPA4343,2020.03.17,E75L,KLGA,KCVG,21:16,22:51,1:34
RPA4343,2020.03.16,E75L,KLGA,KCVG,21:17,23:00,1:42
RPA4343,2020.03.15,E75L,KLGA,KCVG,21:23,23:06,1:43
RPA4343,2020.03.14,E75S,KLGA,KCVG,21:20,23:04,1:43
RPA4343,2020.03.13,E75L,KLGA,KCVG,22:02,23:45,1:43
RPA4343,2020.03.12,E75L,KLGA,KCVG,21:26,23:06,1:39
RPA4343,2020.03.11,E75L,KLGA,KCVG,21:48,23:20,1:32
RPA4343,2020.03.10,E75S,KLGA,KCVG,21:20,22:51,1:30
RPA4343,2020.03.09,E75L,KLGA,KCVG,21:28,23:05,1:36
AAL887,2020.06.11,A319,KPHX,KSAT,16:34,20:23,已排班
AAL887,2020.06.10,A319,KPHX,KSAT,16:38,20:23,已排班
AAL887,2020.06.09,A321,KPHX,KSAT,16:40,20:25,1:45
AAL887,2020.06.08,A319,KPHX,KSAT,16:38,20:28,1:50
AAL887,2020.06.07,A319,KPHX,KSAT,16:40,20:25,1:44
AAL887,2020.06.06,A319,KPHX,KSAT,16:29,20:15,1:45
AAL887,2020.06.05,A319,KPHX,KSAT,16:39,20:26,1:46
AAL887,2020.06.04,A319,KPHX,KSAT,16:52,20:35,1:42
AAL887,2020.06.03,A319,KPHX,KSAT,15:33,19:16,1:43
AAL887,2020.06.01,A319,KPHX,KSAT,15:34,19:24,1:50
AAL887,2020.05.31,A319,KPHX,KSAT,15:32,19:26,1:53
AAL887,2020.05.29,A319,KPHX,KSAT,16:10,20:04,1:54
AAL887,2020.05.28,A319,KPHX,KSAT,16:01,19:47,1:45
AAL887,2020.05.27,A319,KPHX,KSAT,15:36,19:22,1:45
AAL887,2020.05.25,A319,KPHX,KSAT,15:36,19:20,1:43
AAL887,2020.05.24,A319,KPHX,KSAT,15:33,19:29,1:55
AAL887,2020.05.22,A319,KPHX,KSAT,15:35,19:19,1:43
AAL887,2020.05.21,A319,KPHX,KSAT,15:33,19:14,1:41
AAL887,2020.05.20,A319,KPHX,KSAT,15:34,19:18,1:44
AAL887,2020.05.18,A320,KPHX,KSAT,15:32,19:21,1:48
AAL887,2020.05.17,A319,KPHX,KSAT,15:28,19:14,1:45
AAL887,2020.05.15,A319,KPHX,KSAT,15:28,19:18,1:50
AAL887,2020.05.14,A319,KPHX,KSAT,15:22,19:08,1:45
AAL887,2020.05.13,A319,KPHX,KSAT,15:36,19:25,1:48
AAL887,2020.05.11,A320,KPHX,KSAT,15:54,19:43,1:48
AAL887,2020.05.10,A319,KPHX,KSAT,15:36,19:16,1:39
AAL887,2020.05.08,A319,KPHX,KSAT,15:34,19:19,1:45
AAL887,2020.05.04,A319,KPHX,KSAT,16:05,19:46,1:41
AAL887,2020.04.29,A319,KPHX,KSAT,16:09,19:59,1:50
AAL887,2020.04.27,A319,KPHX,KSAT,16:06,20:02,1:56
AAL887,2020.04.22,A319,KPHX,KSAT,16:05,19:45,1:39
AAL887,2020.04.18,A319,KPHX,KSAT,16:16,20:06,已取消
AAL887,2020.04.15,A319,KPHX,KSAT,16:20,20:00,1:39
AAL887,2020.04.10,A319,KPHX,KSAT,15:58,19:39,1:40
AAL887,2020.04.08,A319,KPHX,KSAT,16:07,19:52,1:44
AAL887,2020.04.07,A319,KPHX,KSAT,16:08,19:54,1:46
AAL887,2020.04.06,A319,KPHX,KSAT,16:16,20:04,已取消
AAL887,2020.04.05,A320,KPHX,KSAT,16:11,19:50,1:38
AAL887,2020.04.04,A320,KPHX,KSAT,16:06,19:54,1:47
AAL887,2020.04.03,A319,KPHX,KSAT,16:16,20:04,已取消
AAL887,2020.04.02,A319,KPHX,KSAT,16:00,19:41,1:41
AAL887,2020.04.01,A319,KPHX,KSAT,16:12,19:53,1:41
AAL887,2020.03.31,A319,KPHX,KSAT,16:16,20:04,已取消
AAL887,2020.03.30,A319,KPHX,KSAT,16:06,19:41,1:35
AAL887,2020.03.29,A319,KPHX,KSAT,16:16,20:04,已取消
AAL887,2020.03.28,A319,KPHX,KSAT,16:16,20:04,已取消
AAL887,2020.03.27,A319,KPHX,KSAT,16:16,20:04,已取消
AAL887,2020.03.26,A319,KPHX,KSAT,16:22,20:05,1:42
AAL887,2020.03.25,A319,KPHX,KSAT,16:16,20:04,已取消
AAL887,2020.03.24,A319,KPHX,KSAT,16:15,19:52,1:36
AAL887,2020.03.23,A319,KPHX,KSAT,16:16,20:04,已取消
AAL887,2020.03.22,A319,KPHX,KSAT,16:16,20:04,已取消
AAL887,2020.03.21,A319,KPHX,KSAT,16:25,20:08,1:43
AAL887,2020.03.20,A319,KPHX,KSAT,16:17,20:00,1:42
AAL887,2020.03.19,A319,KPHX,KSAT,16:21,20:08,1:47
AAL887,2020.03.18,A319,KPHX,KSAT,16:36,20:16,1:39
AAL887,2020.03.17,A319,KPHX,KSAT,16:10,19:54,1:44
AAL887,2020.03.16,A319,KPHX,KSAT,16:14,20:00,1:45
AAL887,2020.03.15,A319,KPHX,KSAT,16:14,20:17,2:02
AAL887,2020.03.14,A319,KPHX,KSAT,16:11,19:55,1:43
AAL887,2020.03.13,A319,KPHX,KSAT,18:01,21:46,1:44
AAL887,2020.03.12,A319,KPHX,KSAT,16:57,20:37,1:39
AAL887,2020.03.11,A319,KPHX,KSAT,16:23,19:57,1:33
AAL887,2020.03.10,A319,KPHX,KSAT,16:14,19:52,1:37
CXA8345,2020.06.12,B738,ZSHC,ZGSZ,07:00,09:05,已排班
CXA8345,2020.06.11,B738,ZSHC,ZGSZ,07:00,09:05,已排班
CXA8345,2020.06.10,B738,ZSHC,ZGSZ,07:00,09:05,已取消
CXA8345,2020.06.09,B738,ZSHC,ZGSZ,07:00,09:05,已取消
CXA8345,2020.06.08,B738,ZSHC,ZGSZ,06:55,08:38,1:43
CXA8345,2020.06.07,B738,ZSHC,ZGSZ,07:00,09:05,已取消
CXA8345,2020.06.06,B738,ZSHC,ZGSZ,07:03,09:20,2:16
CXA8345,2020.06.04,B738,ZSHC,ZGSZ,06:47,08:45,1:58
CXA8345,2020.06.03,B738,ZSHC,ZGSZ,07:00,09:05,已取消
CXA8345,2020.06.02,B738,ZSHC,ZGSZ,07:01,08:49,1:47
CXA8345,2020.06.01,B738,ZSHC,ZGSZ,07:00,09:05,已取消
CXA8345,2020.05.31,B738,ZSHC,ZGSZ,07:00,09:05,已取消
CXA8345,2020.05.30,B738,ZSHC,ZGSZ,07:00,09:05,已取消
CXA8345,2020.05.29,B738,ZSHC,ZGSZ,07:00,09:05,已取消
CXA8345,2020.05.27,B738,ZSHC,ZGSZ,07:00,09:05,已取消
CXA8345,2020.05.26,B738,ZSHC,ZGSZ,07:00,09:05,已取消
CXA8345,2020.05.25,B738,ZSHC,ZGSZ,06:48,08:39,1:50
CXA8345,2020.05.24,B738,ZSHC,ZGSZ,07:00,09:05,已取消
CXA8345,2020.05.23,B738,ZSHC,ZGSZ,06:58,08:45,1:46
CXA8345,2020.05.22,B738,ZSHC,ZGSZ,06:58,08:52,1:53
CXA8345,2020.05.21,B738,ZSHC,ZGSZ,07:00,09:05,已取消
CXA8345,2020.05.20,B738,ZSHC,ZGSZ,07:00,09:05,已取消
CXA8345,2020.05.19,B738,ZSHC,ZGSZ,07:00,09:05,已取消
CXA8345,2020.05.18,B738,ZSHC,ZGSZ,06:51,08:59,2:07
CXA8345,2020.05.17,B738,ZSHC,ZGSZ,07:00,09:05,已取消
CXA8345,2020.05.16,B738,ZSHC,ZGSZ,07:00,09:05,已取消
CXA8345,2020.05.15,B738,ZSHC,ZGSZ,06:51,08:43,1:51
CXA8345,2020.05.14,B738,ZSHC,ZGSZ,07:00,09:05,已取消
CXA8345,2020.05.13,B738,ZSHC,ZGSZ,07:00,09:05,已取消
CXA8345,2020.05.12,B738,ZSHC,ZGSZ,06:53,08:46,1:53
CXA8345,2020.05.11,B738,ZSHC,ZGSZ,07:03,08:47,1:43
CXA8345,2020.05.10,B738,ZSHC,ZGSZ,07:02,08:49,1:46
CXA8345,2020.05.09,B738,ZSHC,ZGSZ,07:00,09:05,已取消
CXA8345,2020.05.08,B738,ZSHC,ZGSZ,07:00,09:05,已取消
CXA8345,2020.05.07,B738,ZSHC,ZGSZ,06:56,08:46,1:49
CXA8345,2020.05.06,B738,ZSHC,ZGSZ,06:52,08:40,1:48
CXA8345,2020.05.05,B738,ZSHC,ZGSZ,06:58,08:55,1:56
CXA8345,2020.05.04,B738,ZSHC,ZGSZ,06:52,08:42,1:49
CXA8345,2020.05.01,B738,ZSHC,ZGSZ,07:00,08:51,1:50
CXA8345,2020.04.30,B738,ZSHC,ZGSZ,07:08,08:58,1:49
CXA8345,2020.04.29,B738,ZSHC,ZGSZ,07:02,08:52,1:49
CXA8345,2020.04.28,B738,ZSHC,ZGSZ,06:53,08:45,1:51
CXA8345,2020.04.27,B738,ZSHC,ZGSZ,06:58,08:50,1:51
CXA8345,2020.04.26,B738,ZSHC,ZGSZ,07:01,08:55,1:53
CXA8345,2020.04.25,B738,ZSHC,ZGSZ,07:00,08:51,1:50
CXA8345,2020.04.24,B738,ZSHC,ZGSZ,07:01,08:48,1:46
CXA8345,2020.04.23,B738,ZSHC,ZGSZ,06:56,08:50,1:53
CXA8345,2020.04.22,B738,ZSHC,ZGSZ,06:57,08:50,1:52
CXA8345,2020.04.21,B738,ZSHC,ZGSZ,07:04,09:02,1:57
CXA8345,2020.04.20,B738,ZSHC,ZGSZ,06:57,08:52,1:54
CXA8345,2020.04.19,B738,ZSHC,ZGSZ,07:02,08:55,1:52
CXA8345,2020.04.16,B738,ZSHC,ZGSZ,09:29,11:29,2:00
CXA8345,2020.04.14,B738,ZSHC,ZGSZ,06:50,08:44,1:53
CXA8345,2020.04.13,B738,ZSHC,ZGSZ,06:56,08:40,1:43
CXA8345,2020.04.12,B738,ZSHC,ZGSZ,06:49,08:39,1:49
CXA8345,2020.04.10,B738,ZSHC,ZGSZ,07:00,08:57,1:57
CXA8345,2020.04.08,B738,ZSHC,ZGSZ,06:56,09:13,2:17
CXA8345,2020.04.07,B738,ZSHC,ZGSZ,06:59,08:52,1:52
CXA8345,2020.04.06,B738,ZSHC,ZGSZ,06:49,08:42,1:52
CXA8345,2020.04.05,B738,ZSHC,ZGSZ,07:05,09:05,已取消
CXA8345,2020.04.03,B738,ZSHC,ZGSZ,06:56,08:54,1:58
CXA8345,2020.04.02,B738,ZSHC,ZGSZ,09:21,11:21,2:00
CXA8345,2020.04.01,B738,ZSHC,ZGSZ,07:05,09:05,已取消
CXA8345,2020.03.29,B738,ZSHC,ZGSZ,07:00,08:52,1:52
CXA8345,2020.03.28,B738,ZSHC,ZGSZ,07:00,08:52,1:51
CXA8345,2020.03.22,B738,ZSHC,ZGSZ,07:05,09:05,已取消
CXA8345,2020.03.21,B738,ZSHC,ZGSZ,07:05,09:05,已取消
CXA8345,2020.03.20,B738,ZSHC,ZGSZ,07:05,09:05,已取消
CXA8345,2020.03.19,B738,ZSHC,ZGSZ,07:05,09:05,已取消
CXA8345,2020.03.17,B738,ZSHC,ZGSZ,07:05,09:05,已取消
CXA8345,2020.03.15,B738,ZSHC,ZGSZ,07:05,09:05,已取消
CXA8345,2020.03.14,B738,ZSHC,ZGSZ,07:05,09:05,已取消
CXA8345,2020.03.13,B738,ZSHC,ZGSZ,07:05,09:05,已取消
CXA8345,2020.03.12,B738,ZSHC,ZGSZ,07:05,09:05,2:00
CXA8345,2020.03.11,B738,ZSHC,ZGSZ,09:28,11:28,2:00
LKE9709,2020.06.12,B736,ZSLD,ZSNJ,10:25,11:40,已排班
LKE9709,2020.06.12,B736,ZPPP,ZSLD,06:55,09:20,已排班
LKE9709,2020.06.10,B736,ZSLD,ZSNJ,10:06,11:26,1:20
LKE9709,2020.06.10,B736,ZPPP,ZSLD,06:55,09:08,2:12
LKE9709,2020.06.08,B736,ZSLD,ZSNJ,09:55,11:21,1:26
LKE9709,2020.06.08,B736,ZPPP,ZSLD,06:55,09:12,2:16
LKE9709,2020.06.07,737,ZSLD,ZSNJ,10:12,11:32,1:20
LKE9709,2020.06.07,737,ZPPP,ZSLD,07:23,09:36,2:12
LKE9709,2020.06.05,B736,ZSLD,ZSNJ,11:35,24:56,1:21
LKE9709,2020.06.05,B736,ZPPP,ZSLD,06:57,09:28,2:30
LKE9709,2020.06.03,B736,ZSLD,ZSNJ,10:05,11:39,1:34
LKE9709,2020.06.03,B736,ZPPP,ZSLD,06:56,09:12,2:15
LKE9709,2020.06.01,B736,ZSLD,ZSNJ,10:07,11:32,1:25
LKE9709,2020.06.01,B736,ZPPP,ZSLD,06:54,09:14,2:19
LKE9709,2020.05.31,B736,ZSLD,ZSNJ,10:23,11:40,1:17
LKE9709,2020.05.31,B736,ZPPP,ZSLD,07:17,09:32,2:15
LKE9709,2020.05.29,B736,ZSLD,ZSNJ,10:30,11:55,1:25
LKE9709,2020.05.29,B736,ZPPP,ZSLD,06:41,08:45,2:03
LKE9709,2020.05.27,B736,ZSLD,ZSNJ,10:09,11:33,1:24
LKE9709,2020.05.27,B736,ZPPP,ZSLD,06:52,09:01,2:08
LKE9709,2020.05.25,B736,ZSLD,ZSNJ,10:10,11:33,1:23
LKE9709,2020.05.25,B736,ZPPP,ZSLD,06:39,08:51,2:12
LKE9709,2020.05.24,B736,ZSLD,ZSNJ,10:10,11:29,1:19
LKE9709,2020.05.24,B736,ZPPP,ZSLD,07:09,09:19,2:09
LKE9709,2020.05.22,B736,ZSLD,ZSNJ,10:22,11:37,1:15
LKE9709,2020.05.22,B736,ZPPP,ZSLD,06:53,09:03,2:10
LKE9709,2020.05.20,B736,ZSLD,ZSNJ,10:05,11:26,1:21
LKE9709,2020.05.20,B736,ZPPP,ZSLD,06:55,09:01,2:05
LKE9709,2020.05.18,B736,ZSLD,ZSNJ,10:05,11:33,1:28
LKE9709,2020.05.18,B736,ZPPP,ZSLD,06:54,09:00,2:05
LKE9709,2020.05.17,B736,ZSLD,ZSNJ,10:10,11:39,1:29
LKE9709,2020.05.17,B736,ZPPP,ZSLD,07:22,09:34,2:11
LKE9709,2020.05.15,B736,ZSLD,ZSNJ,10:04,11:35,1:31
LKE9709,2020.05.15,B736,ZPPP,ZSLD,07:01,09:07,2:05
LKE9709,2020.05.13,B736,ZSLD,ZSNJ,10:18,11:38,1:20
LKE9709,2020.05.13,B736,ZPPP,ZSLD,06:58,09:03,2:04
LKE9709,2020.05.11,B736,ZSLD,ZSNJ,10:05,11:34,1:29
LKE9709,2020.05.11,B736,ZPPP,ZSLD,06:45,09:00,2:15
LKE9709,2020.05.10,737,ZSLD,ZSNJ,10:10,11:34,1:24
LKE9709,2020.05.10,737,ZPPP,ZSLD,07:13,09:18,2:04
LKE9709,2020.05.08,B736,ZSLD,ZSNJ,11:04,24:31,1:27
LKE9709,2020.05.08,B736,ZPPP,ZSLD,06:48,09:28,2:39
LKE9709,2020.05.06,737,ZSLD,ZSNJ,10:11,11:32,1:21
LKE9709,2020.05.06,737,ZPPP,ZSLD,06:51,09:01,2:10
LKE9709,2020.05.04,B736,ZSLD,ZSNJ,09:57,11:20,1:23
LKE9709,2020.05.04,B736,ZPPP,ZSLD,06:49,08:56,2:06
LKE9709,2020.05.03,737,ZSLD,ZSNJ,10:06,11:31,1:25
LKE9709,2020.05.03,737,ZPPP,ZSLD,07:00,09:08,2:07
LKE9709,2020.05.01,B736,ZSLD,ZSNJ,10:02,11:27,1:25
LKE9709,2020.05.01,B736,ZPPP,ZSLD,06:58,09:02,2:03
LKE9709,2020.04.29,B736,ZSLD,ZSNJ,09:57,11:24,1:27
LKE9709,2020.04.29,B736,ZPPP,ZSLD,06:44,08:53,2:08
LKE9709,2020.04.27,737,ZSLD,ZSNJ,10:04,11:21,1:17
LKE9709,2020.04.27,737,ZPPP,ZSLD,07:06,09:06,1:59
LKE9709,2020.04.26,737,ZSLD,ZSNJ,10:10,11:30,1:20
LKE9709,2020.04.26,737,ZPPP,ZSLD,06:49,09:14,2:24
LKE9709,2020.04.24,737,ZSLD,ZSNJ,10:08,11:47,1:39
LKE9709,2020.04.24,737,ZPPP,ZSLD,07:07,09:26,2:18
LKE9709,2020.04.22,737,ZSLD,ZSNJ,10:03,11:28,1:25
LKE9709,2020.04.22,737,ZPPP,ZSLD,06:49,08:58,2:09
LKE9709,2020.04.19,737,ZSLD,ZSNJ,09:52,11:18,1:26
LKE9709,2020.04.19,737,ZPPP,ZSLD,06:53,09:00,2:06
LKE9709,2020.04.17,737,ZSLD,ZSNJ,10:20,11:39,1:19
LKE9709,2020.04.17,737,ZPPP,ZSLD,07:13,09:19,2:05
LKE9709,2020.04.15,737,ZSLD,ZSNJ,09:56,11:30,1:34
LKE9709,2020.04.15,737,ZPPP,ZSLD,07:02,09:07,2:05
LKE9709,2020.04.13,737,ZSLD,ZSNJ,10:00,11:22,1:22
LKE9709,2020.04.13,737,ZPPP,ZSLD,07:05,09:12,2:06
LKE9709,2020.04.12,737,ZSLD,ZSNJ,10:00,11:33,1:33
LKE9709,2020.04.12,737,ZPPP,ZSLD,06:57,08:51,1:53
LKE9709,2020.04.10,737,ZSLD,ZSNJ,10:25,11:49,1:24
LKE9709,2020.04.10,737,ZPPP,ZSLD,07:09,09:04,1:54
LKE9709,2020.04.08,737,ZSLD,ZSNJ,10:35,11:59,1:24
LKE9709,2020.04.08,737,ZPPP,ZSLD,07:06,09:28,2:21
LKE9709,2020.04.06,737,ZSLD,ZSNJ,10:17,11:37,1:20
LKE9709,2020.04.06,737,ZPPP,ZSLD,07:04,09:09,2:04
LKE9709,2020.04.05,B736,ZSLD,ZSNJ,09:52,11:15,1:23
LKE9709,2020.04.05,B736,ZPPP,ZSLD,06:37,08:35,1:57
LKE9709,2020.04.03,737,ZSLD,ZSNJ,10:06,11:28,1:22
LKE9709,2020.04.03,737,ZPPP,ZSLD,07:10,09:12,2:01
LKE9709,2020.04.01,B736,ZSLD,ZSNJ,10:10,11:30,1:20
LKE9709,2020.04.01,B736,ZPPP,ZSLD,07:10,09:12,2:01
LKE9709,2020.03.30,737,ZSLD,ZSNJ,09:58,11:19,1:21
LKE9709,2020.03.30,737,ZPPP,ZSLD,07:05,09:05,1:59
LKE9709,2020.03.29,B736,ZSLD,ZSNJ,10:05,11:20,1:15
LKE9709,2020.03.29,B736,ZPPP,ZSLD,06:48,08:47,1:58
LKE9709,2020.03.28,737,ZSLD,ZSNJ,10:39,11:59,1:20
LKE9709,2020.03.28,737,ZPPP,ZSLD,07:43,09:53,2:10
LKE9709,2020.03.27,B736,ZSLD,ZSNJ,10:07,11:14,1:06
LKE9709,2020.03.27,B736,ZPPP,ZSLD,07:10,09:10,2:00
LKE9709,2020.03.26,B736,ZSLD,ZSHC,10:02,11:57,1:55
LKE9709,2020.03.26,B736,ZPPP,ZSLD,07:09,09:14,2:04
LKE9709,2020.03.25,B736,ZSLD,ZSNJ,11:10,24:23,1:13
LKE9709,2020.03.25,B736,ZPPP,ZSLD,08:15,10:29,2:13
LKE9709,2020.03.24,B736,ZSLD,ZSNJ,09:58,11:15,1:17
LKE9709,2020.03.24,B736,ZPPP,ZSLD,07:09,09:12,2:02
LKE9709,2020.03.11,B736,ZSLD,ZSNJ,10:20,11:40,已取消
LKE9709,2020.03.11,B736,ZPPP,ZSLD,06:55,09:15,已取消
LKE9709,2020.03.10,B736,ZSLD,ZSNJ,10:20,11:40,已取消
NKS1347,2020.04.07,A320,KLGA,KMYR,18:59,20:48,已取消
NKS1347,2020.04.06,A320,KLGA,KMYR,18:59,20:48,已取消
NKS1347,2020.04.05,A320,KLGA,KMYR,18:59,20:48,已取消
NKS1347,2020.04.04,A320,KLGA,KMYR,18:59,20:48,已取消
NKS1347,2020.04.03,A320,KLGA,KMYR,18:59,20:48,已取消
NKS1347,2020.04.02,A320,KLGA,KMYR,18:59,20:48,已取消
NKS1347,2020.04.01,A320,KLGA,KMYR,18:59,20:48,已取消
NKS1347,2020.03.31,A320,KLGA,KMYR,18:59,20:48,已取消
NKS1347,2020.03.30,A320,KLGA,KMYR,18:58,20:19,1:20
NKS1347,2020.03.29,A320,KLGA,KMYR,19:01,20:26,1:24
NKS1347,2020.03.28,A320,KLGA,KMYR,18:47,20:05,1:18
NKS1347,2020.03.27,A320,KLGA,KMYR,19:03,20:23,1:19
NKS1347,2020.03.26,A320,KLGA,KMYR,19:05,20:29,1:23
NKS1347,2020.03.25,A320,KLGA,KMYR,19:04,20:23,1:18
NKS1347,2020.03.24,A320,KLGA,KMYR,18:44,20:13,1:29
NKS1347,2020.03.23,A320,KLGA,KMYR,19:06,20:31,1:24
NKS1347,2020.03.22,A320,KLGA,KMYR,19:05,20:43,1:37
NKS1347,2020.03.21,A320,KLGA,KMYR,19:14,20:54,1:39
NKS1347,2020.03.20,A320,KLGA,KMYR,19:07,20:31,1:23
NKS1347,2020.03.19,A320,KLGA,KMYR,18:54,20:13,1:18
NKS1347,2020.03.18,A320,KLGA,KMYR,19:08,20:40,1:32
NKS1347,2020.03.17,A320,KLGA,KMYR,19:01,20:21,1:19
NKS1347,2020.03.16,A320,KLGA,KMYR,18:58,20:23,1:24
NKS1347,2020.03.15,A320,KLGA,KMYR,19:10,20:34,1:23
NKS1347,2020.03.14,A320,KLGA,KMYR,19:04,20:27,1:22
NKS1347,2020.03.13,A320,KLGA,KMYR,20:30,21:57,1:27
NKS1347,2020.03.12,A320,KLGA,KMYR,19:12,20:28,1:16
NKS1347,2020.03.11,A320,KLGA,KMYR,19:03,20:29,1:25
NKS1347,2020.03.10,A320,KLGA,KMYR,18:58,20:25,1:27
UAL1544,2020.06.02,A320,KMCO,KDEN,08:35,09:47,3:11
UAL1544,2020.06.01,A320,KMCO,KDEN,08:39,09:51,3:11
UAL1544,2020.05.31,A319,KMCO,KDEN,08:36,09:56,3:19
UAL1544,2020.05.30,A319,KMCO,KDEN,08:42,10:03,3:20
UAL1544,2020.05.29,A320,KMCO,KDEN,08:46,10:06,3:19
UAL1544,2020.05.28,A319,KMCO,KDEN,08:43,10:24,3:41
UAL1544,2020.05.27,B752,KMCO,KDEN,08:41,09:45,3:04
UAL1544,2020.05.26,A320,KMCO,KDEN,08:36,09:47,3:10
UAL1544,2020.05.25,A319,KMCO,KDEN,08:35,09:45,3:09
UAL1544,2020.05.24,A319,KMCO,KDEN,08:32,09:56,3:23
UAL1544,2020.05.23,A320,KMCO,KDEN,08:36,10:07,3:30
UAL1544,2020.05.22,A320,KMCO,KDEN,08:36,10:05,3:29
UAL1544,2020.05.21,A320,KMCO,KDEN,08:29,09:55,3:26
UAL1544,2020.05.20,A320,KMCO,KDEN,08:34,10:03,3:28
UAL1544,2020.05.19,A319,KMCO,KDEN,09:22,10:51,3:28
UAL1544,2020.05.18,A320,KMCO,KDEN,08:37,10:01,3:23
UAL1544,2020.05.17,A320,KMCO,KDEN,08:34,09:56,3:21
UAL1544,2020.05.16,A320,KMCO,KDEN,08:34,09:51,3:16
UAL1544,2020.05.15,A319,KMCO,KDEN,08:41,10:10,3:28
UAL1544,2020.05.14,A320,KMCO,KDEN,08:39,10:01,3:21
UAL1544,2020.05.13,A320,KMCO,KDEN,08:30,10:00,3:29
UAL1544,2020.05.12,A319,KMCO,KDEN,08:35,10:10,3:34
UAL1544,2020.05.11,A320,KMCO,KDEN,08:39,10:15,3:35
UAL1544,2020.05.10,A320,KMCO,KDEN,08:40,10:17,3:37
UAL1544,2020.05.09,A319,KMCO,KDEN,08:44,10:26,3:41
UAL1544,2020.05.08,A320,KMCO,KDEN,08:37,10:29,3:51
UAL1544,2020.05.07,B753,KMCO,KDEN,08:40,10:17,3:37
UAL1544,2020.05.06,B753,KMCO,KDEN,08:36,10:18,3:41
UAL1544,2020.05.05,B753,KMCO,KDEN,08:40,10:10,3:29
UAL1544,2020.05.04,A319,KMCO,KDEN,08:38,10:12,3:33
UAL1544,2020.05.03,B738,KMCO,KDEN,08:09,09:37,3:27
UAL1544,2020.05.02,B739,KMCO,KDEN,08:01,09:29,3:27
UAL1544,2020.05.01,B739,KMCO,KDEN,08:10,09:49,3:38
UAL1544,2020.04.30,B738,KMCO,KDEN,08:12,09:44,3:32
UAL1544,2020.04.29,B739,KMCO,KDEN,08:15,10:01,已取消
UAL1544,2020.04.28,B739,KMCO,KDEN,08:15,10:01,已取消
UAL1544,2020.04.27,B739,KMCO,KDEN,08:15,10:01,已取消
UAL1544,2020.04.26,B739,KMCO,KDEN,08:15,10:01,已取消
UAL1544,2020.04.25,B739,KMCO,KDEN,08:24,09:56,3:31
UAL1544,2020.04.24,B739,KMCO,KDEN,08:15,10:01,已取消
UAL1544,2020.04.23,B739,KMCO,KDEN,08:15,10:01,已取消
UAL1544,2020.04.22,B739,KMCO,KDEN,08:15,10:01,已取消
UAL1544,2020.04.21,B739,KMCO,KDEN,08:15,10:01,已取消
UAL1544,2020.04.20,B739,KMCO,KDEN,08:03,10:11,4:07
UAL1544,2020.04.19,B739,KMCO,KDEN,08:15,10:01,已取消
UAL1544,2020.04.18,B739,KMCO,KDEN,08:11,10:10,3:58
UAL1544,2020.04.17,B737,KMCO,KDEN,08:09,09:56,3:46
UAL1544,2020.04.16,B739,KMCO,KDEN,08:10,10:02,3:51
UAL1544,2020.04.15,B739,KMCO,KDEN,08:03,09:56,3:52
UAL1544,2020.04.14,B739,KMCO,KDEN,08:09,10:07,3:57
UAL1544,2020.04.13,B739,KMCO,KDEN,08:01,09:43,3:41
UAL1544,2020.04.12,B738,KMCO,KDEN,08:08,10:05,3:57
UAL1544,2020.04.11,B738,KMCO,KDEN,08:05,09:52,3:46
UAL1544,2020.04.10,B739,KMCO,KDEN,08:19,10:17,3:58
UAL1544,2020.04.09,B738,KMCO,KDEN,08:05,09:54,3:49
UAL1544,2020.04.08,B739,KMCO,KDEN,08:10,10:02,3:52
UAL1544,2020.04.07,B739,KMCO,KDEN,08:03,09:54,3:51
UAL1544,2020.04.06,B739,KMCO,KDEN,08:09,09:45,3:35
UAL1544,2020.04.05,B739,KMCO,KDEN,08:15,10:01,已取消
UAL1544,2020.04.04,B739,KMCO,KDEN,08:15,10:01,已取消
UAL1544,2020.04.03,B739,KMCO,KDEN,08:15,10:01,已取消
UAL1544,2020.04.02,B739,KMCO,KDEN,08:09,09:54,3:44
UAL1544,2020.04.01,B738,KMCO,KDEN,08:04,10:02,3:58
UAL1544,2020.03.31,B739,KMCO,KDEN,08:15,10:01,已取消
UAL1544,2020.03.30,B739,KMCO,KDEN,08:05,09:52,3:46
UAL1544,2020.03.29,B739,KMCO,KDEN,08:08,09:40,3:31
UAL1544,2020.03.28,B738,MHLM,KEWR,22:30,04:41,已取消
UAL1544,2020.03.27,A319,KIAH,KABQ,19:05,20:06,已取消
UAL1544,2020.03.26,A319,KIAH,KABQ,19:05,20:06,已取消
UAL1544,2020.03.25,A319,KIAH,KABQ,19:05,20:06,已取消
UAL1544,2020.03.24,A319,KIAH,KABQ,19:05,20:06,已取消
UAL1544,2020.03.23,A319,KIAH,KABQ,18:58,20:02,2:03
UAL1544,2020.03.22,A319,KIAH,KABQ,19:05,20:06,已取消
UAL1544,2020.03.21,B738,MHLM,KEWR,22:40,04:31,已取消
UAL1544,2020.03.20,A319,KIAH,KABQ,18:54,19:51,1:56
UAL1544,2020.03.19,A319,KIAH,KABQ,19:05,20:00,1:54
UAL1544,2020.03.18,A320,KIAH,KABQ,19:04,19:54,1:49
UAL1544,2020.03.17,A319,KIAH,KABQ,19:01,19:55,1:54
UAL1544,2020.03.16,A319,KIAH,KABQ,19:06,19:54,1:47
UAL1544,2020.03.15,B739,KIAH,KABQ,19:16,20:03,1:47
UAL1544,2020.03.14,B738,MHLM,KEWR,22:34,04:21,3:47
UAL1544,2020.03.13,A319,KIAH,KABQ,19:17,20:07,1:49
UAL1544,2020.03.12,A319,KIAH,KABQ,19:00,19:52,1:51
UAL1544,2020.03.11,A319,KIAH,KABQ,19:08,20:18,2:10
UAL1544,2020.03.10,A319,KIAH,KABQ,18:58,19:50,1:51
UAL1544,2020.03.09,A319,KIAH,KABQ,19:01,19:53,1:51
AFL1236,2020.03.29,SU9,UUEE,UWUU,03:05,06:55,已取消
AFL1236,2020.03.28,A320,UUEE,UUEE,03:03,04:28,1:25
AFL1236,2020.03.27,SU9,UUEE,UWUU,03:09,06:46,1:36
AFL1236,2020.03.26,SU9,UUEE,UWUU,02:59,06:47,1:47
AFL1236,2020.03.25,SU9,UUEE,UWUU,03:00,06:46,1:45
AFL1236,2020.03.24,SU9,UUEE,UWUU,03:05,06:46,1:40
AFL1236,2020.03.23,SU9,UUEE,UWUU,03:00,06:39,1:38
AFL1236,2020.03.22,SU9,UUEE,UWUU,04:27,08:05,1:37
AFL1236,2020.03.21,SU9,UUEE,UWUU,03:23,07:01,1:37
AFL1236,2020.03.20,SU9,UUEE,UWUU,03:15,06:51,1:35
AFL1236,2020.03.19,SU9,UUEE,UWUU,03:00,06:36,1:36
AFL1236,2020.03.18,SU9,UUEE,UWUU,03:00,06:42,1:41
AFL1236,2020.03.17,SU9,UUEE,UWUU,03:06,06:46,1:39
AFL1236,2020.03.16,SU9,UUEE,UWUU,03:02,06:47,1:44
AFL1236,2020.03.15,SU9,UUEE,UWUU,04:10,07:54,1:43
AFL1236,2020.03.14,SU9,UUEE,UWUU,03:20,06:49,1:28
AFL1236,2020.03.13,SU9,UUEE,UWUU,02:58,06:37,1:39
AFL1236,2020.03.12,SU9,UUEE,UWUU,03:00,06:36,1:36
AFL1236,2020.03.11,SU9,UUEE,UWUU,03:03,06:41,1:37
IBE6674,2020.03.15,A330,SVMI,LEMD,18:55,08:15,已取消
IBE6674,2020.03.12,A333,SVMI,LEMD,18:59,07:46,7:46
IBE6674,2020.03.10,A333,SVMI,LEMD,18:59,07:51,7:51
SWA2615,2020.04.13,B738,KPIT,KDAL,13:54,15:33,2:38
SWA2615,2020.04.13,B738,KMCO,KPIT,10:37,24:38,2:00
SWA2615,2020.04.13,B738,TJSJ,KMCO,06:40,09:40,已取消
SWA2615,2020.04.10,B738,KPIT,KDAL,14:00,15:41,2:40
SWA2615,2020.04.10,B738,KMCO,KPIT,10:43,24:39,1:55
SWA2615,2020.04.10,B738,TJSJ,KMCO,06:40,09:40,已取消
SWA2615,2020.04.09,B738,KPIT,KDAL,13:54,15:47,2:52
SWA2615,2020.04.09,B738,KMCO,KPIT,11:08,13:11,2:02
SWA2615,2020.04.09,B738,TJSJ,KMCO,06:40,09:40,已取消
SWA2615,2020.04.08,B738,KPIT,KDAL,13:52,15:32,2:39
SWA2615,2020.04.08,B738,KMCO,KPIT,10:42,24:38,1:55
SWA2615,2020.04.08,B738,TJSJ,KMCO,06:40,09:40,已取消
SWA2615,2020.04.07,B737,KPIT,KDAL,13:53,15:42,2:48
SWA2615,2020.04.07,B737,KMCO,KPIT,10:35,24:43,2:07
SWA2615,2020.04.07,B738,TJSJ,KMCO,06:40,09:40,已取消
SWA2615,2020.04.06,B738,KPIT,KDAL,14:00,15:40,已取消
SWA2615,2020.04.06,B738,KMCO,KPIT,10:42,24:35,已取消
SWA2615,2020.04.06,B738,TJSJ,KMCO,06:40,09:40,已取消
SWA2615,2020.04.03,B738,KPIT,KDAL,14:02,15:40,2:38
SWA2615,2020.04.03,B738,KMCO,KPIT,10:42,24:38,1:55
SWA2615,2020.04.02,B738,KPIT,KDAL,13:56,15:27,2:30
SWA2615,2020.04.02,B738,KMCO,KPIT,10:45,24:50,已取消
SWA2615,2020.04.02,B738,TJSJ,KMCO,06:40,09:40,已取消
SWA2615,2020.04.01,B738,KPIT,KDAL,13:56,15:26,2:29
SWA2615,2020.04.01,B738,KMCO,KPIT,10:42,24:34,1:51
SWA2615,2020.04.01,B738,TJSJ,KMCO,06:40,09:40,已取消
SWA2615,2020.03.31,B738,KPIT,KDAL,13:53,15:21,2:28
SWA2615,2020.03.31,B738,KMCO,KPIT,10:40,24:30,1:49
SWA2615,2020.03.31,B738,TJSJ,KMCO,06:40,09:40,已取消
SWA2615,2020.03.30,B738,KMCO,KPIT,10:45,24:50,已取消
SWA2615,2020.03.27,B738,KPIT,KDAL,13:56,15:43,2:46
SWA2615,2020.03.27,B738,KMCO,KPIT,10:36,24:35,1:58
SWA2615,2020.03.27,B738,TJSJ,KMCO,06:39,09:28,2:48
SWA2615,2020.03.26,B738,KPIT,KDAL,13:53,15:49,2:56
SWA2615,2020.03.26,B738,KMCO,KPIT,10:41,24:43,2:01
SWA2615,2020.03.26,B738,TJSJ,KMCO,06:37,09:25,2:47
SWA2615,2020.03.25,B738,KPIT,KDAL,13:54,15:39,2:44
SWA2615,2020.03.25,B738,KMCO,KPIT,10:45,24:49,2:03
SWA2615,2020.03.25,B738,TJSJ,KMCO,06:44,09:34,2:49
SWA2615,2020.03.24,B737,KPIT,KDAL,13:51,15:37,2:46
SWA2615,2020.03.24,B737,KMCO,KPIT,10:38,24:30,1:51
SWA2615,2020.03.24,B738,TJSJ,KMCO,06:37,09:21,2:43
SWA2615,2020.03.23,B738,KPIT,KDAL,13:57,15:46,2:49
SWA2615,2020.03.23,B738,KMCO,KPIT,10:36,24:34,1:57
SWA2615,2020.03.23,B738,TJSJ,KMCO,06:41,09:26,2:44
SWA2615,2020.03.20,B738,KPIT,KDAL,13:54,16:12,3:17
SWA2615,2020.03.20,B738,KMCO,KPIT,10:42,24:35,1:52
SWA2615,2020.03.20,B738,TJSJ,KMCO,06:45,09:34,2:48
SWA2615,2020.03.19,B738,KPIT,KDAL,14:00,15:40,已取消
SWA2615,2020.03.19,B738,KMCO,KPIT,10:42,24:34,1:51
SWA2615,2020.03.19,B738,TJSJ,KMCO,06:45,09:33,2:47
SWA2615,2020.03.18,B738,KPIT,KDAL,14:00,15:45,2:44
SWA2615,2020.03.18,B738,KMCO,KPIT,10:36,24:30,1:53
SWA2615,2020.03.18,B738,TJSJ,KMCO,06:37,09:27,2:49
SWA2615,2020.03.17,B738,KPIT,KDAL,13:54,15:34,2:39
SWA2615,2020.03.17,B738,KMCO,KPIT,10:46,24:36,1:49
SWA2615,2020.03.17,B738,TJSJ,KMCO,06:39,09:31,2:51
SWA2615,2020.03.16,B738,KPIT,KDAL,13:56,15:41,2:44
SWA2615,2020.03.16,B738,KMCO,KPIT,10:45,24:40,1:55
SWA2615,2020.03.16,B738,TJSJ,KMCO,06:39,09:23,2:43
SWA2615,2020.03.13,B738,KPIT,KDAL,13:57,15:55,2:58
SWA2615,2020.03.13,B738,KMCO,KPIT,10:46,24:45,1:59
SWA2615,2020.03.13,B738,TJSJ,KMCO,06:38,09:29,2:50
SWA2615,2020.03.12,B738,KPIT,KDAL,13:53,15:41,2:48
SWA2615,2020.03.12,B738,KMCO,KPIT,10:41,24:43,2:01
SWA2615,2020.03.12,B738,TJSJ,KMCO,06:38,09:29,2:50
SWA2615,2020.03.11,B738,KPIT,KDAL,13:56,15:34,2:37
SWA2615,2020.03.11,B738,KMCO,KPIT,10:39,24:37,1:57
SWA2615,2020.03.11,B738,TJSJ,KMCO,06:35,09:22,2:46
SWA2615,2020.03.10,B738,KPIT,KDAL,13:57,15:29,2:31
SWA2615,2020.03.10,B738,KMCO,KPIT,10:47,24:42,1:54
SWA2615,2020.03.10,B738,TJSJ,KMCO,06:43,09:35,2:51
SWA5020,2020.05.02,B737,KLAX,KSMF,11:28,24:31,1:02
SWA5020,2020.04.25,B737,KLAX,KSMF,11:32,24:29,0:56
SWA5020,2020.04.18,B737,KLAX,KSMF,11:32,24:37,1:04
SWA5020,2020.04.11,B738,KMSY,KMDW,24:28,14:20,1:51
SWA5020,2020.04.11,B738,KMCO,KMSY,10:42,11:12,1:29
SWA5020,2020.04.11,B738,KSTL,KMCO,06:45,09:45,已取消
SWA5020,2020.04.04,B738,KMSY,KMDW,24:35,14:30,已取消
SWA5020,2020.04.04,B738,KMCO,KMSY,10:50,11:30,已取消
SWA5020,2020.04.04,B738,KSTL,KMCO,06:45,09:41,已取消
SWA5020,2020.03.28,B738,KMSY,KMDW,24:28,14:15,1:47
SWA5020,2020.03.28,B738,KMCO,KMSY,10:46,11:09,1:22
SWA5020,2020.03.28,B738,KSTL,KMCO,06:45,09:45,已取消
SWA5020,2020.03.21,B738,KMSY,KMDW,24:35,14:30,已取消
SWA5020,2020.03.21,B738,KMCO,KMSY,10:44,11:07,1:22
SWA5020,2020.03.21,B738,KSTL,KMCO,06:39,09:27,1:47
SWA5020,2020.03.14,B738,KMSY,KMDW,24:30,14:15,1:44
SWA5020,2020.03.14,B738,KMCO,KMSY,10:55,11:16,1:21
SWA5020,2020.03.14,B738,KSTL,KMCO,06:51,09:39,1:47
DAL569,2020.04.13,MD88,KPIT,KATL,18:15,19:34,1:18
DAL569,2020.04.12,MD88,KPIT,KATL,18:10,19:38,1:27
DAL569,2020.04.10,MD88,KPIT,KATL,18:11,19:23,1:11
DAL569,2020.04.07,MD88,KPIT,KATL,18:20,19:35,已取消
DAL569,2020.04.05,MD88,KPIT,KATL,18:16,19:30,1:13
DAL569,2020.04.02,MD88,KPIT,KATL,18:21,19:42,已取消
DAL569,2020.03.31,B752,KATL,KMSP,21:57,23:05,2:07
DAL569,2020.03.29,B752,KATL,KMSP,21:58,23:01,2:02
DAL569,2020.03.28,A320,MBPV,KATL,13:11,16:07,已取消
DAL569,2020.03.27,B752,KATL,KMSP,21:58,23:11,2:12
DAL569,2020.03.26,B752,KATL,KMSP,21:54,23:11,2:16
DAL569,2020.03.24,B752,KATL,KMSP,21:54,23:10,2:15
DAL569,2020.03.23,B752,KATL,KMSP,21:57,23:16,2:18
DAL569,2020.03.21,A320,MBPV,KATL,13:11,16:07,已取消
DAL569,2020.03.20,B752,KATL,KMSP,21:57,23:19,已取消
DAL569,2020.03.19,B752,KATL,KMSP,22:00,23:04,2:04
DAL569,2020.03.18,B752,KATL,KMSP,21:52,23:02,2:09
DAL569,2020.03.17,B752,KATL,KMSP,22:01,23:21,2:20
DAL569,2020.03.16,B752,KATL,KMSP,21:54,23:03,2:08
DAL569,2020.03.15,B752,KATL,KMSP,21:56,23:27,2:30
DAL569,2020.03.14,A320,MBPV,KATL,13:35,16:07,2:32
DAL569,2020.03.13,B752,KATL,KMSP,22:09,23:16,2:06
DAL569,2020.03.12,B752,KATL,KMSP,22:00,23:29,2:29
DAL569,2020.03.11,B739,KATL,KMSP,21:24,22:41,2:16
DAL569,2020.03.10,B739,KATL,KMSP,21:23,22:41,2:17
DAL569,2020.03.09,B739,KATL,KMSP,21:25,22:26,2:00
AAL754,2020.03.18,A332,KPHL,LFPG,18:35,06:40,已取消
AAL754,2020.03.17,A332,KPHL,LFPG,18:35,06:40,已取消
AAL754,2020.03.16,A332,KPHL,LFPG,18:35,06:40,已取消
AAL754,2020.03.15,A332,KPHL,LFPG,18:35,06:40,已取消
AAL754,2020.03.14,A332,KPHL,LFPG,18:35,06:40,已取消
AAL754,2020.03.13,A332,KPHL,LFPG,18:30,06:11,已取消
AAL754,2020.03.12,A332,KPHL,LFPG,18:57,06:40,6:42
AAL754,2020.03.11,A332,KPHL,LFPG,18:38,05:58,6:19
AAL754,2020.03.10,A332,KPHL,LFPG,19:48,07:10,6:22
SKW5066,2020.04.01,CRJ2,KFWA,KORD,06:12,05:49,0:36
SKW5066,2020.03.31,CRJ,KFWA,KORD,06:15,06:10,已取消
SKW5066,2020.03.30,CRJ,KORD,KMBS,07:55,09:46,已取消
SKW5066,2020.03.29,CRJ,KORD,KMBS,07:55,09:46,已取消
SKW5066,2020.03.28,CRJ2,KORD,KCKB,17:07,19:11,1:03
SKW5066,2020.03.27,CRJ2,KORD,KCKB,16:59,19:00,1:00
SKW5066,2020.03.26,CRJ2,KORD,KCKB,17:03,19:01,0:57
SKW5066,2020.03.25,CRJ2,KORD,KCKB,17:02,19:05,1:02
SKW5066,2020.03.24,CRJ2,KORD,KCKB,17:05,19:11,1:05
SKW5066,2020.03.23,CRJ2,KORD,KCKB,17:07,19:08,1:00
SKW5066,2020.03.22,CRJ2,KORD,KCKB,17:33,19:39,1:05
SKW5066,2020.03.21,CRJ2,KORD,KCKB,17:21,19:26,已取消
SKW5066,2020.03.20,CRJ2,KORD,KCKB,17:40,19:47,1:07
SKW5066,2020.03.19,CRJ2,KORD,KCKB,17:40,19:43,1:02
SKW5066,2020.03.18,CRJ2,KORD,KCKB,17:05,19:11,1:05
SKW5066,2020.03.17,CRJ2,KORD,KCKB,17:26,19:26,0:59
SKW5066,2020.03.16,CRJ2,KORD,KCKB,17:02,19:04,1:01
SKW5066,2020.03.15,CRJ2,KORD,KCKB,17:00,19:03,1:03
SKW5066,2020.03.14,CRJ2,KORD,KCKB,19:41,21:44,1:02
SKW5066,2020.03.13,CRJ2,KORD,KCKB,17:30,19:28,0:57
SKW5066,2020.03.12,CRJ2,KORD,KCKB,20:24,22:27,1:02
SKW5066,2020.03.11,CRJ2,KORD,KCKB,18:29,20:31,1:02
SKW5066,2020.03.10,CRJ2,KORD,KCKB,17:13,19:16,1:02
IGO6186,2020.03.26,A320,VABB,VABO,05:25,06:20,已取消
IGO6186,2020.03.25,A320,VABB,VABO,05:25,06:20,已取消
IGO6186,2020.03.24,A320,VABB,VABO,05:27,06:04,0:37
IGO6186,2020.03.23,A320,VABB,VABO,05:16,06:07,0:50
IGO6186,2020.03.22,A320,VABB,VABO,05:32,06:18,0:45
IGO6186,2020.03.21,A320,VABB,VABO,05:17,06:08,0:51
IGO6186,2020.03.19,A320,VABB,VABO,05:18,06:09,0:50
IGO6186,2020.03.18,A320,VABB,VABO,05:17,06:00,0:43
IGO6186,2020.03.17,A320,VABB,VABO,05:29,06:20,0:50
IGO6186,2020.03.16,A320,VABB,VABO,05:26,06:06,0:39
IGO6186,2020.03.15,A320,VABB,VABO,05:17,06:09,0:51
IGO6186,2020.03.14,A320,VABB,VABO,05:27,06:07,0:40
IGO6186,2020.03.13,A320,VABB,VABO,05:33,06:19,0:45
IGO6186,2020.03.12,A320,VABB,VABO,05:18,06:13,0:55
IGO6186,2020.03.11,A320,VABB,VABO,05:21,06:09,0:47
IAD303,2020.03.24,A320,VOBL,VABB,05:41,07:00,已取消
IAD303,2020.03.23,A320,VOBL,VABB,05:41,07:00,已取消
IAD303,2020.03.22,A320,VOBL,VABB,05:41,07:00,已取消
IAD303,2020.03.21,A320,VOBL,VABB,05:41,07:04,1:22
IAD303,2020.03.20,A320,VOBL,VABB,05:40,07:02,1:22
IAD303,2020.03.19,A320,VOBL,VABB,05:38,07:00,1:21
IAD303,2020.03.18,A320,VOBL,VABB,05:41,06:58,1:17
IAD303,2020.03.17,A320,VOBL,VABB,05:47,07:00,1:12
IAD303,2020.03.16,A320,VOBL,VABB,05:44,07:01,1:16
IAD303,2020.03.15,A320,VOBL,VABB,05:37,07:01,1:23
IAD303,2020.03.14,A320,VOBL,VABB,05:47,07:07,1:19
IAD303,2020.03.13,A320,VOBL,VABB,05:39,07:04,1:24
IAD303,2020.03.12,A320,VOBL,VABB,05:43,07:04,1:20
IAD303,2020.03.11,A320,VOBL,VABB,05:39,07:07,1:28
IAD303,2020.03.10,A320,VOBL,VABB,05:47,07:04,1:16
AAL890,2020.04.06,A319,KSFO,KLAX,06:10,07:10,1:00
AAL890,2020.04.05,A319,KSFO,KLAX,06:04,06:58,0:53
AAL890,2020.04.04,A319,KSFO,KLAX,06:08,07:05,0:56
AAL890,2020.04.03,A319,KSFO,KLAX,06:13,07:04,0:50
AAL890,2020.04.02,A319,KSFO,KLAX,06:06,07:03,0:56
AAL890,2020.04.01,A319,KSFO,KLAX,06:00,06:52,0:51
AAL890,2020.03.31,A319,KSFO,KLAX,06:53,07:50,0:56
AAL890,2020.03.30,A21N,KSFO,KLAX,06:13,07:04,0:50
AAL890,2020.03.29,A319,KSFO,KLAX,06:11,07:07,0:55
AAL890,2020.03.28,A319,KSFO,KLAX,05:57,06:51,0:53
AAL890,2020.03.27,A319,KSFO,KLAX,06:13,07:07,0:54
AAL890,2020.03.26,A319,KSFO,KLAX,06:10,07:04,0:53
AAL890,2020.03.25,A319,KSFO,KLAX,06:05,07:02,0:56
AAL890,2020.03.24,A319,KSFO,KLAX,06:10,07:22,已取消
AAL890,2020.03.23,A319,KSFO,KLAX,05:59,06:51,0:51
AAL890,2020.03.22,A319,KSFO,KLAX,06:11,07:07,0:56
AAL890,2020.03.21,A319,KSFO,KLAX,06:20,07:15,0:54
AAL890,2020.03.20,A319,KSFO,KLAX,06:01,06:51,0:49
AAL890,2020.03.19,A319,KSFO,KLAX,06:12,07:02,0:50
AAL890,2020.03.18,A319,KSFO,KLAX,06:08,07:00,0:52
AAL890,2020.03.17,A319,KSFO,KLAX,06:21,07:17,已取消
AAL890,2020.03.16,A319,KSFO,KLAX,06:07,07:03,0:56
AAL890,2020.03.15,A319,KSFO,KLAX,06:05,06:59,0:53
AAL890,2020.03.14,A319,KSFO,KLAX,06:15,07:11,0:55
AAL890,2020.03.13,A319,KSFO,KLAX,06:10,07:05,0:54
AAL890,2020.03.12,A319,KSFO,KLAX,06:09,07:08,0:58
AAL890,2020.03.11,A319,KSFO,KLAX,06:14,07:10,0:56
AAL890,2020.03.10,A319,KSFO,KLAX,06:02,07:01,0:58
SWA4024,2020.05.02,B737,KALB,KMDW,16:15,17:10,已取消
SWA4024,2020.05.02,B737,KTPA,KALB,24:50,15:20,已取消
SWA4024,2020.04.25,B737,KALB,KMDW,16:15,17:10,已取消
SWA4024,2020.04.25,B737,KTPA,KALB,24:50,15:20,已取消
SWA4024,2020.04.18,B737,KALB,KMDW,16:08,16:58,1:50
SWA4024,2020.04.18,B737,KTPA,KALB,24:59,15:24,2:24
SWA4024,2020.04.11,B737,KBUR,KLAS,21:05,21:45,已取消
SWA4024,2020.04.11,B737,KSFO,KBUR,19:05,20:05,已取消
SWA4024,2020.04.04,B738,KBUR,KLAS,20:54,21:31,0:36
SWA4024,2020.04.04,B738,KSFO,KBUR,19:01,19:50,0:48
SWA4024,2020.03.28,B737,KSFO,KBUR,19:00,19:49,0:48
SWA4024,2020.03.21,B737,KBUR,KLAS,21:05,21:45,已取消
SWA4024,2020.03.21,B737,KSFO,KBUR,19:16,20:07,0:50
SWA4024,2020.03.14,B737,KBUR,KLAS,21:01,21:38,0:37
SWA4024,2020.03.14,B737,KSFO,KBUR,19:01,19:51,0:50
UAL1769,2020.03.31,A320,CYYZ,KORD,06:10,06:43,已取消
UAL1769,2020.03.30,A320,KORD,KSAV,07:55,10:45,已取消
UAL1769,2020.03.30,A319,CYYZ,KORD,06:10,06:43,已取消
UAL1769,2020.03.29,A320,KORD,KSAV,07:55,10:45,已取消
UAL1769,2020.03.29,B739,CYYZ,KORD,06:10,06:43,已取消
UAL1769,2020.03.28,A319,KORD,KDCA,09:03,11:19,1:15
UAL1769,2020.03.28,A320,CYYZ,KORD,06:10,06:55,已取消
UAL1769,2020.03.27,A320,CYYZ,KORD,06:10,06:55,已取消
UAL1769,2020.03.26,A320,CYYZ,KORD,06:10,06:55,已取消
UAL1769,2020.03.25,A320,CYYZ,KORD,06:10,06:55,已取消
UAL1769,2020.03.24,A320,CYYZ,KORD,06:10,06:55,已取消
UAL1769,2020.03.23,A320,CYYZ,KORD,06:10,06:55,已取消
UAL1769,2020.03.22,A320,CYYZ,KORD,06:10,06:55,已取消
UAL1769,2020.03.21,A319,KORD,KDCA,09:06,11:26,1:19
UAL1769,2020.03.21,A320,CYYZ,KORD,06:30,06:50,1:20
UAL1769,2020.03.20,A320,CYYZ,KORD,06:31,06:51,1:19
UAL1769,2020.03.19,A320,CYYZ,KORD,06:30,06:54,1:23
UAL1769,2020.03.18,A320,CYYZ,KORD,06:30,06:56,1:25
UAL1769,2020.03.17,A320,CYYZ,KORD,06:30,06:48,1:17
UAL1769,2020.03.16,A320,CYYZ,KORD,06:30,06:47,1:17
UAL1769,2020.03.15,A320,CYYZ,KORD,06:31,06:47,1:15
UAL1769,2020.03.14,A319,KORD,KDCA,09:18,11:37,1:18
UAL1769,2020.03.14,A320,CYYZ,KORD,06:34,06:55,1:21
UAL1769,2020.03.13,A320,CYYZ,KORD,06:30,06:52,1:22
UAL1769,2020.03.12,A320,CYYZ,KORD,06:30,06:42,1:12
UAL1769,2020.03.11,A320,CYYZ,KORD,06:31,06:45,1:14
UAL1769,2020.03.10,A320,CYYZ,KORD,06:30,06:38,1:08
DAL1261,2020.04.01,B753,KMCO,KMSP,18:19,20:31,3:11
DAL1261,2020.04.01,B753,KMSP,KMCO,13:17,16:47,2:29
DAL1261,2020.03.31,B753,KMSP,KMCO,13:09,16:57,已取消
DAL1261,2020.03.30,B753,KMSP,KMCO,13:02,16:55,已取消
DAL1261,2020.03.29,B753,KMCO,KMSP,18:26,20:14,2:48
DAL1261,2020.03.29,B753,KMSP,KMCO,13:02,16:54,已取消
DAL1261,2020.03.28,B753,KMCO,KMSP,18:17,20:13,2:55
DAL1261,2020.03.28,B753,KMSP,KMCO,13:10,16:56,2:45
DAL1261,2020.03.27,B753,KMCO,KMSP,18:22,20:30,3:07
DAL1261,2020.03.27,B753,KMSP,KMCO,13:04,16:42,2:38
DAL1261,2020.03.26,B753,KMCO,KMSP,18:29,20:35,3:05
DAL1261,2020.03.26,B753,KMSP,KMCO,13:06,16:39,2:33
DAL1261,2020.03.25,B753,KMCO,KMSP,18:30,20:42,已取消
DAL1261,2020.03.25,B753,KMSP,KMCO,13:04,16:28,2:23
DAL1261,2020.03.24,B753,KMSP,KMCO,13:09,16:57,已取消
DAL1261,2020.03.23,B753,KMCO,KMSP,18:24,20:37,3:13
DAL1261,2020.03.23,B753,KMSP,KMCO,13:09,16:57,已取消
DAL1261,2020.03.22,B753,KMCO,KMSP,18:28,20:36,3:07
DAL1261,2020.03.22,B753,KMSP,KMCO,13:06,16:45,2:38
DAL1261,2020.03.21,B753,KMSP,KMCO,13:05,16:49,已取消
DAL1261,2020.03.20,B753,KMCO,KMSP,19:18,21:07,2:48
DAL1261,2020.03.20,B753,KMSP,KMCO,14:07,17:57,2:50
DAL1261,2020.03.19,B753,KMCO,KMSP,18:31,20:23,2:51
DAL1261,2020.03.19,B753,KMSP,KMCO,13:09,16:53,2:43
DAL1261,2020.03.18,B753,KMCO,KMSP,18:25,20:30,3:04
DAL1261,2020.03.18,B753,KMSP,KMCO,13:14,16:55,2:41
DAL1261,2020.03.17,B753,KMCO,KMSP,18:22,20:22,2:59
DAL1261,2020.03.17,B753,KMSP,KMCO,13:11,16:44,2:32
DAL1261,2020.03.16,B752,KMCO,KMSP,18:29,20:29,2:59
DAL1261,2020.03.16,B752,KMSP,KMCO,13:33,17:07,2:34
DAL1261,2020.03.15,B753,KMCO,KMSP,18:34,20:40,3:05
DAL1261,2020.03.15,B753,KMSP,KMCO,13:08,16:43,2:34
DAL1261,2020.03.14,B753,KMCO,KMSP,18:40,20:36,2:55
DAL1261,2020.03.14,B753,KMSP,KMCO,13:02,16:45,2:42
DAL1261,2020.03.13,B753,KMCO,KMSP,18:38,20:35,2:56
DAL1261,2020.03.13,B753,KMSP,KMCO,13:06,16:41,2:34
DAL1261,2020.03.12,B753,KMCO,KMSP,18:27,20:42,3:15
DAL1261,2020.03.12,B753,KMSP,KMCO,13:12,16:42,2:29
DAL1261,2020.03.11,B753,KMCO,KMSP,18:34,20:50,3:15
DAL1261,2020.03.11,B753,KMSP,KMCO,13:14,16:44,2:30
DAL1261,2020.03.10,B753,KMCO,KMSP,18:51,21:05,3:14
DAL1261,2020.03.10,B753,KMSP,KMCO,13:07,16:42,2:34
SRQ6009,2020.03.14,AT72,RPLL,RPUO,06:20,08:02,1:42
SRQ6009,2020.03.13,AT72,RPLL,RPUO,06:44,08:25,1:41
SRQ6009,2020.03.12,AT72,RPLL,RPUO,06:32,08:03,1:30
SRQ6009,2020.03.11,AT72,RPLL,RPUO,06:49,08:43,1:54
ASA1174,2020.03.18,A320,KSEA,KSAN,16:07,18:18,2:10
ASA1174,2020.03.17,A320,KSEA,KSAN,16:04,18:15,2:10
ASA1174,2020.03.16,A320,KSEA,KSAN,16:06,18:32,2:25
ASA1174,2020.03.15,B739,KSEA,KSAN,16:07,18:37,2:30
ASA1174,2020.03.14,A320,KSEA,KSAN,16:20,18:50,2:29
ASA1174,2020.03.13,A320,KSEA,KSAN,16:48,19:07,2:19
ASA1174,2020.03.12,A320,KSEA,KSAN,17:06,19:25,2:18
ASA1174,2020.03.11,A320,KSEA,KSAN,16:12,18:29,2:17
ASA1174,2020.03.10,A320,KSEA,KSAN,17:23,19:52,2:28
ENY4140,2020.05.04,E145,KMLI,KORD,16:45,17:12,0:26
ENY4140,2020.04.30,E145,KMLI,KORD,16:51,17:33,已取消
ENY4140,2020.04.29,E145,KMLI,KORD,16:51,17:33,已取消
ENY4140,2020.04.28,E145,KMLI,KORD,16:51,17:33,已取消
ENY4140,2020.04.27,E145,KMLI,KORD,16:51,17:33,已取消
ENY4140,2020.04.26,E145,KMLI,KORD,16:51,17:33,已取消
ENY4140,2020.04.24,E145,KMLI,KORD,16:51,17:33,已取消
ENY4140,2020.04.23,E145,KMLI,KORD,16:51,17:33,已取消
ENY4140,2020.04.22,E145,KMLI,KORD,16:51,17:33,已取消
ENY4140,2020.04.21,E145,KMLI,KORD,16:51,17:33,已取消
ENY4140,2020.04.20,E145,KMLI,KORD,16:51,17:33,已取消
ENY4140,2020.04.19,E145,KMLI,KORD,16:51,17:33,已取消
ENY4140,2020.04.17,E145,KMLI,KORD,16:38,17:10,0:32
ENY4140,2020.04.16,E145,KMLI,KORD,16:38,17:07,0:28
ENY4140,2020.04.15,E145,KMLI,KORD,16:51,17:33,已取消
ENY4140,2020.04.14,E145,KMLI,KORD,16:51,17:33,已取消
ENY4140,2020.04.13,E145,KMLI,KORD,16:51,17:33,已取消
ENY4140,2020.04.12,E145,KMLI,KORD,16:51,17:33,已取消
ENY4140,2020.04.10,E145,KMLI,KORD,16:51,17:33,已取消
ENY4140,2020.04.09,E145,KMLI,KORD,16:43,17:16,0:32
ENY4140,2020.04.08,E145,KMLI,KORD,16:51,17:33,已取消
ENY4140,2020.04.07,E145,KMLI,KORD,16:36,17:06,0:30
ENY4140,2020.04.06,E145,KMLI,KORD,16:51,17:33,已取消
ENY4140,2020.04.05,E145,KMLI,KORD,16:51,17:33,已取消
ENY4140,2020.04.03,E145,KMLI,KORD,16:51,17:33,已取消
ENY4140,2020.04.02,E145,KMLI,KORD,16:52,17:21,0:29
ENY4140,2020.04.01,E145,KMLI,KORD,16:37,17:05,0:27
ENY4140,2020.03.31,E145,KMLI,KORD,16:30,16:58,0:28
ENY4140,2020.03.30,E145,KMLI,KORD,16:18,16:48,0:29
ENY4140,2020.03.29,E145,KMLI,KORD,16:32,17:16,0:43
ENY4140,2020.03.27,E145,KMLI,KORD,16:52,17:19,0:26
ENY4140,2020.03.26,E145,KMLI,KORD,16:51,17:33,已取消
ENY4140,2020.03.25,E145,KMLI,KORD,16:58,17:26,已取消
ENY4140,2020.03.24,E145,KMLI,KORD,16:39,17:08,0:28
ENY4140,2020.03.23,E145,KMLI,KORD,16:43,17:15,0:31
ENY4140,2020.03.22,E145,KMLI,KORD,16:37,17:08,0:30
ENY4140,2020.03.20,E145,KMLI,KORD,16:51,17:33,已取消
ENY4140,2020.03.19,E145,KMLI,KORD,17:00,17:28,0:28
ENY4140,2020.03.18,E145,KMLI,KORD,16:54,17:31,0:37
ENY4140,2020.03.17,E145,KMLI,KORD,16:55,17:24,0:28
ENY4140,2020.03.16,E145,KMLI,KORD,18:37,19:20,0:43
ENY4140,2020.03.15,E145,KMLI,KORD,16:43,17:10,0:27
ENY4140,2020.03.13,E145,KMLI,KORD,17:00,17:32,0:32
ENY4140,2020.03.12,E145,KMLI,KORD,16:50,17:29,0:38
ENY4140,2020.03.11,E145,KMLI,KORD,16:39,17:15,0:35
ENY4140,2020.03.10,E135,KMLI,KORD,16:37,17:04,0:26
SWA4784,2020.05.02,B737,KMCO,KMDW,15:37,16:58,2:21
SWA4784,2020.04.25,B737,KMCO,KMDW,15:39,16:54,2:15
SWA4784,2020.04.18,B738,KMCO,KMDW,17:31,18:56,2:24
SWA4784,2020.04.12,B737,KDEN,KBUR,14:29,15:39,2:09
SWA4784,2020.04.05,B737,KDEN,KBUR,14:08,15:21,2:13
SWA4784,2020.03.29,B737,KDEN,KBUR,14:10,15:25,已取消
SWA4784,2020.03.22,B737,KDEN,KBUR,14:05,15:29,2:23
SWA4784,2020.03.15,B737,KDEN,KBUR,14:07,15:19,2:11
AXM5134,2020.05.30,A320,WMKK,WBKK,09:16,11:33,2:16
AXM5134,2020.05.27,A320,WMKK,WBKK,07:01,09:12,2:10
AXM5134,2020.05.25,A320,WMKK,WBKK,06:50,09:15,已取消
AXM5134,2020.05.24,A320,WMKK,WBKK,07:23,09:35,2:12
AXM5134,2020.05.23,A320,WMKK,WBKK,09:19,11:31,2:11
AXM5134,2020.05.22,A320,WMKK,WBKK,06:41,08:49,2:08
AXM5134,2020.05.21,A320,WMKK,WBKK,08:59,11:09,2:10
AXM5134,2020.04.01,A320,WMKK,WBKK,06:35,09:15,已取消
AXM5134,2020.03.28,A320,WMKK,WBKK,07:25,10:05,已取消
AXM5134,2020.03.27,A320,WMKK,WBKK,07:21,09:32,2:10
AXM5134,2020.03.26,A320,WMKK,WBKK,07:16,09:23,2:06
AXM5134,2020.03.25,A320,WMKK,WBKK,07:25,09:32,2:07
AXM5134,2020.03.24,A320,WMKK,WBKK,07:29,09:39,2:09
AXM5134,2020.03.23,A320,WMKK,WBKK,07:23,09:34,2:10
AXM5134,2020.03.22,A320,WMKK,WBKK,07:20,09:30,2:09
AXM5134,2020.03.21,A320,WMKK,WBKK,07:19,09:28,2:09
AXM5134,2020.03.20,A320,WMKK,WBKK,07:30,09:40,2:09
AXM5134,2020.03.19,A320,WMKK,WBKK,07:35,09:43,2:07
AXM5134,2020.03.18,A320,WMKK,WBKK,07:29,09:37,2:07
AXM5134,2020.03.17,A320,WMKK,WBKK,07:30,09:38,2:07
AXM5134,2020.03.16,A320,WMKK,WBKK,07:30,09:40,2:09
AXM5134,2020.03.15,A320,WMKK,WBKK,07:46,09:54,2:08
AXM5134,2020.03.14,A320,WMKK,WBKK,07:42,09:53,2:11
AXM5134,2020.03.13,A320,WMKK,WBKK,07:30,09:46,2:15
AXM5134,2020.03.12,A320,WMKK,WBKK,07:26,09:40,2:13
AXM5134,2020.03.11,A320,WMKK,WBKK,07:23,09:32,2:09
KAL1404,2020.03.24,B738,RKPK,RKSI,08:05,08:55,已取消
KAL1404,2020.03.23,B739,RKPK,RKSI,07:55,08:38,0:43
KAL1404,2020.03.22,B738,RKPK,RKSI,07:47,08:27,0:40
KAL1404,2020.03.21,B738,RKPK,RKSI,07:54,08:43,0:48
KAL1404,2020.03.20,B738,RKPK,RKSI,07:57,08:42,0:44
KAL1404,2020.03.19,B738,RKPK,RKSI,08:05,08:47,0:42
KAL1404,2020.03.18,B738,RKPK,RKSI,07:56,08:42,0:46
KAL1404,2020.03.17,B738,RKPK,RKSI,07:52,08:41,0:48
KAL1404,2020.03.16,B739,RKPK,RKSI,07:50,08:33,0:42
KAL1404,2020.03.15,B738,RKPK,RKSI,08:01,08:44,0:43
KAL1404,2020.03.14,B738,RKPK,RKSI,07:56,08:36,0:40
KAL1404,2020.03.13,B738,RKPK,RKSI,07:59,08:40,0:41
KAL1404,2020.03.12,B738,RKPK,RKSI,08:00,08:50,0:49
KAL1404,2020.03.11,B738,RKPK,RKSI,07:59,08:40,0:41
IAD791,2020.03.24,A320,VIDP,VOCI,05:02,07:41,2:39
IAD791,2020.03.23,A320,VIDP,VOCI,05:12,07:48,2:36
IAD791,2020.03.22,A320,VIDP,VOCI,04:53,07:32,2:38
IAD791,2020.03.21,A320,VIDP,VOCI,05:02,07:41,2:39
IAD791,2020.03.20,A320,VIDP,VOCI,05:11,07:51,2:40
IAD791,2020.03.19,A320,VIDP,VOCI,05:18,08:01,2:42
IAD791,2020.03.18,A320,VIDP,VOCI,04:54,07:44,2:49
IAD791,2020.03.17,A320,VIDP,VOCI,05:01,07:47,2:45
IAD791,2020.03.16,A320,VIDP,VOCI,05:09,07:45,2:35
IAD791,2020.03.15,A320,VIDP,VOCI,05:00,07:32,2:32
IAD791,2020.03.14,A320,VIDP,VOCI,05:10,08:01,2:51
IAD791,2020.03.13,A320,VIDP,VOCI,05:05,07:52,2:46
IAD791,2020.03.12,A320,VIDP,VOCI,05:04,07:58,2:54
IAD791,2020.03.11,A320,VIDP,VOCI,05:07,07:51,2:43
FFT2027,2020.05.25,A20N,KBMI,KDEN,14:36,15:31,1:54
FFT2027,2020.04.11,A20N,KGEG,KLAS,24:47,15:01,2:13
HDA692,2020.03.29,A333,WMKP,VHHH,07:40,10:49,3:09
HDA692,2020.03.28,A333,WMKP,VHHH,07:50,11:03,3:13
HDA692,2020.03.27,A333,WMKP,VHHH,07:53,11:02,3:08
HDA692,2020.03.26,A333,WMKP,VHHH,07:59,11:08,3:08
HDA692,2020.03.25,A333,WMKP,VHHH,07:39,10:41,3:01
HDA692,2020.03.24,A333,WMKP,VHHH,07:46,10:49,3:02
HDA692,2020.03.23,A333,WMKP,VHHH,07:46,11:02,3:16
HDA692,2020.03.22,A333,WMKP,VHHH,07:45,10:44,2:58
HDA692,2020.03.21,A333,WMKP,VHHH,07:41,10:39,2:57
HDA692,2020.03.20,A333,WMKP,VHHH,08:00,10:59,2:58
HDA692,2020.03.19,A333,WMKP,VHHH,07:53,11:00,3:06
HDA692,2020.03.18,A333,WMKP,VHHH,08:12,11:21,3:08
HDA692,2020.03.17,A333,WMKP,VHHH,09:09,24:12,3:02
HDA692,2020.03.16,A333,WMKP,VHHH,07:47,10:51,3:03
HDA692,2020.03.15,A333,WMKP,VHHH,07:48,10:55,3:06
HDA692,2020.03.14,A333,WMKP,VHHH,07:44,10:49,3:04
HDA692,2020.03.13,A333,WMKP,VHHH,08:07,11:10,3:02
HDA692,2020.03.12,A333,WMKP,VHHH,07:52,11:03,3:10
HDA692,2020.03.11,A333,WMKP,VHHH,07:49,10:58,3:09
WON1766,2020.03.15,AT72,WICC,WIJJ,07:07,08:40,1:32
WON1766,2020.03.13,AT72,WICC,WIJJ,07:16,08:59,1:42
WON1766,2020.03.11,AT72,WICC,WIJJ,07:11,08:51,1:40
SKV7666,2020.03.25,E75L,KDFW,CYYZ,17:50,21:26,已取消
SKV7666,2020.03.24,E75L,KDFW,CYYZ,17:50,21:26,已取消
SKV7666,2020.03.22,E75S,KDFW,CYYZ,17:43,21:09,2:25
SKV7666,2020.03.21,E75S,KDFW,CYYZ,17:29,20:50,2:20
SKV7666,2020.03.19,E75S,KDFW,CYYZ,17:51,21:17,2:25
SKV7666,2020.03.18,E75S,KDFW,CYYZ,17:56,21:18,2:22
SKV7666,2020.03.17,E75S,KDFW,CYYZ,17:38,21:07,2:29
SKV7666,2020.03.16,E75S,KDFW,CYYZ,17:52,21:19,2:27
SKV7666,2020.03.15,E75S,KDFW,CYYZ,17:55,21:21,2:26
SKV7666,2020.03.14,E75S,KDFW,CYYZ,17:38,20:46,2:07
SKV7666,2020.03.13,E75S,KDFW,CYYZ,22:11,01:31,2:19
SKV7666,2020.03.12,E75S,KDFW,CYYZ,17:39,21:18,2:38
SKV7666,2020.03.11,E75S,KDFW,CYYZ,17:47,21:19,2:32
SKV7666,2020.03.10,E75S,KDFW,CYYZ,17:45,21:11,2:25
SWA4824,2020.04.26,B738,KBWI,KLAS,10:20,24:15,已取消
SWA4824,2020.04.26,B738,KMCO,KBWI,07:15,09:05,已取消
SWA4824,2020.04.19,B738,KBWI,KLAS,10:20,24:15,已取消
SWA4824,2020.04.19,B738,KMCO,KBWI,07:15,09:05,已取消
SWA4824,2020.04.11,B737,KATL,KFLL,11:45,13:20,已取消
SWA4824,2020.04.04,B737,KATL,KFLL,11:45,13:20,已取消
SWA4824,2020.03.21,B737,KATL,KFLL,11:45,13:20,已取消
SWA4824,2020.03.14,B737,KATL,KFLL,24:15,13:36,1:20
LOF4767,2020.03.31,E145,KDEN,KELP,16:24,17:54,1:30
LOF4767,2020.03.30,E145,KDEN,KELP,15:59,17:37,已取消
LOF4767,2020.03.29,E145,KDEN,KELP,16:01,17:30,1:29
LOF4767,2020.03.28,E145,KDEN,KIDA,09:23,10:29,1:05
LOF4767,2020.03.27,E145,KDEN,KIDA,08:27,09:30,1:02
LOF4767,2020.03.26,E145,KDEN,KIDA,08:10,09:25,1:14
LOF4767,2020.03.25,E145,KDEN,KIDA,08:20,09:48,已取消
LOF4767,2020.03.24,E145,KDEN,KIDA,08:20,09:33,1:12
LOF4767,2020.03.23,E145,KDEN,KIDA,08:31,09:44,1:12
LOF4767,2020.03.22,E145,KDEN,KIDA,08:16,09:34,1:17
LOF4767,2020.03.21,E145,KDEN,KIDA,08:57,10:16,1:18
LOF4767,2020.03.20,E145,KDEN,KIDA,10:53,24:01,1:07
LOF4767,2020.03.19,E145,KDEN,KIDA,08:22,09:28,1:05
LOF4767,2020.03.18,E145,KDEN,KIDA,08:23,09:33,1:10
LOF4767,2020.03.17,E145,KDEN,KIDA,08:23,09:39,1:15
LOF4767,2020.03.16,E145,KDEN,KIDA,08:27,09:32,1:05
LOF4767,2020.03.15,E145,KDEN,KIDA,08:26,09:35,1:09
LOF4767,2020.03.14,E145,KDEN,KIDA,09:38,10:49,1:11
LOF4767,2020.03.13,E145,KDEN,KIDA,08:39,09:48,1:08
LOF4767,2020.03.12,E145,KDEN,KIDA,09:30,10:44,1:13
LOF4767,2020.03.11,E145,KDEN,KIDA,08:27,09:40,1:13
LOF4767,2020.03.10,E145,KDEN,KIDA,08:22,09:46,1:23
RPA3522,2020.03.31,E75L,KJAX,KORD,16:48,17:51,2:02
RPA3522,2020.03.30,E75L,KJAX,KORD,16:55,18:29,已取消
RPA3522,2020.03.29,E75L,KJAX,KORD,16:55,18:29,已取消
RPA3522,2020.03.28,E75L,KDTW,KORD,07:25,07:26,1:00
RPA3522,2020.03.27,E170,KFSD,KORD,15:18,16:47,已取消
RPA3522,2020.03.26,E170,KFSD,KORD,15:16,16:17,1:00
RPA3522,2020.03.25,E170,KFSD,KORD,15:18,16:47,已取消
RPA3522,2020.03.24,E170,KFSD,KORD,15:12,16:17,1:05
RPA3522,2020.03.22,E170,KFSD,KORD,15:18,16:47,已取消
RPA3522,2020.03.21,E170,KDTW,KORD,07:23,07:19,0:56
RPA3522,2020.03.20,E170,KFSD,KORD,15:06,16:11,1:05
RPA3522,2020.03.19,E170,KFSD,KORD,15:06,16:19,1:12
RPA3522,2020.03.18,E170,KFSD,KORD,16:39,17:42,1:02
RPA3522,2020.03.17,E170,KFSD,KORD,15:14,16:15,1:00
RPA3522,2020.03.16,E170,KFSD,KORD,15:11,16:17,1:05
RPA3522,2020.03.15,E170,KFSD,KORD,15:23,16:33,1:10
RPA3522,2020.03.14,E75L,KDTW,KORD,07:23,07:18,0:54
RPA3522,2020.03.13,E170,KFSD,KORD,15:13,16:19,1:06
RPA3522,2020.03.12,E170,KFSD,KORD,15:12,16:19,1:07
RPA3522,2020.03.11,E170,KFSD,KORD,15:09,16:19,1:10
RPA3522,2020.03.10,E170,KFSD,KORD,15:17,16:22,1:04
JJP505,2020.06.07,A320,RJAA,RJFF,09:01,10:47,1:45
JJP505,2020.06.06,A320,RJAA,RJFF,08:51,10:34,1:43
JJP505,2020.05.31,A320,RJAA,RJFF,09:01,10:47,1:45
JJP505,2020.05.30,A320,RJAA,RJFF,08:50,10:36,1:46
JJP505,2020.05.29,A320,RJAA,RJFF,08:55,10:45,1:49
JJP505,2020.05.25,A320,RJAA,RJFF,08:54,10:35,1:41
JJP505,2020.05.24,A320,RJAA,RJFF,08:55,10:39,1:43
JJP505,2020.05.23,A320,RJAA,RJFF,08:56,10:40,1:43
JJP505,2020.05.22,A320,RJAA,RJFF,08:49,10:34,1:44
JJP505,2020.05.06,A320,RJAA,RJFF,08:53,10:38,1:45
JJP505,2020.05.05,A320,RJAA,RJFF,08:47,10:26,1:38
JJP505,2020.05.04,A320,RJAA,RJFF,08:52,10:24,1:32
JJP505,2020.05.03,A320,RJAA,RJFF,08:56,10:33,1:36
JJP505,2020.05.02,A320,RJAA,RJFF,08:55,10:29,1:34
JJP505,2020.05.01,A320,RJAA,RJFF,08:54,10:21,1:27
JJP505,2020.04.30,A320,RJAA,RJFF,08:56,10:32,1:35
JJP505,2020.04.29,A320,RJAA,RJFF,08:55,10:33,1:38
JJP505,2020.04.28,A320,RJAA,RJFF,09:00,10:36,1:35
JJP505,2020.04.24,A320,RJAA,RJFF,08:55,10:46,1:50
JJP505,2020.04.12,A320,RJAA,RJFF,08:50,10:35,已取消
JJP505,2020.04.05,A320,RJAA,RJFF,08:47,10:31,1:43
JJP505,2020.04.02,A320,RJAA,RJFF,09:02,10:47,1:44
JJP505,2020.04.01,A320,RJAA,RJFF,08:51,10:43,1:52
JJP505,2020.03.31,A320,RJAA,RJFF,08:49,10:33,1:44
JJP505,2020.03.30,A320,RJAA,RJFF,08:53,10:38,1:44
JJP505,2020.03.29,A320,RJAA,RJFF,08:54,10:44,1:50
JJP505,2020.03.28,A320,RJAA,RJFF,08:24,10:08,1:44
JJP505,2020.03.27,A320,RJAA,RJFF,08:35,10:13,1:38
JJP505,2020.03.26,A320,RJAA,RJFF,08:33,10:13,1:39
JJP505,2020.03.25,A320,RJAA,RJFF,08:33,10:11,1:37
JJP505,2020.03.24,A320,RJAA,RJFF,08:26,10:00,1:34
JJP505,2020.03.23,A320,RJAA,RJFF,08:36,10:24,1:48
JJP505,2020.03.22,A320,RJAA,RJFF,08:29,10:20,1:50
JJP505,2020.03.21,A320,RJAA,RJFF,08:29,10:11,1:41
JJP505,2020.03.20,A320,RJAA,RJFF,08:31,10:23,1:51
JJP505,2020.03.19,A320,RJAA,RJFF,08:32,10:15,1:43
JJP505,2020.03.18,A320,RJAA,RJFF,08:27,10:11,1:43
JJP505,2020.03.17,A320,RJAA,RJFF,08:30,10:18,1:47
JJP505,2020.03.16,A320,RJAA,RJFF,08:37,10:17,1:39
JJP505,2020.03.15,A320,RJAA,RJFF,08:28,10:10,1:41
JJP505,2020.03.14,A320,RJAA,RJFF,08:25,10:16,1:51
JJP505,2020.03.13,A320,RJAA,RJFF,08:27,10:11,1:43
JJP505,2020.03.12,A320,RJAA,RJFF,08:30,10:16,1:45
JJP505,2020.03.11,A320,RJAA,RJFF,08:33,10:21,1:48
UAL2350,2020.03.30,B738,KBOS,KDEN,18:15,20:14,3:58
UAL2350,2020.03.29,B738,KBOS,KDEN,18:19,20:32,4:12
UAL2350,2020.03.28,B737,KBUF,KEWR,06:10,07:13,已取消
UAL2350,2020.03.27,A320,KBOS,KDEN,18:25,20:55,已取消
UAL2350,2020.03.26,B738,KBOS,KDEN,18:25,20:55,已取消
UAL2350,2020.03.25,B737,KBUF,KEWR,06:10,07:13,已取消
UAL2350,2020.03.24,B737,KBUF,KEWR,06:10,07:13,已取消
UAL2350,2020.03.23,B738,KBOS,KDEN,18:37,20:46,4:08
UAL2350,2020.03.22,B738,KBOS,KDEN,18:25,20:55,已取消
UAL2350,2020.03.21,B737,KBUF,KEWR,06:09,06:57,0:47
UAL2350,2020.03.20,A320,KBOS,KDEN,18:14,20:39,4:24
UAL2350,2020.03.19,B738,KBOS,KDEN,18:14,20:38,4:24
UAL2350,2020.03.18,B737,KBUF,KEWR,05:59,06:52,0:52
UAL2350,2020.03.17,B737,KBUF,KEWR,06:01,06:49,0:47
UAL2350,2020.03.16,B738,KBOS,KDEN,18:21,20:52,4:31
UAL2350,2020.03.15,B738,KBOS,KDEN,18:12,20:38,4:25
UAL2350,2020.03.14,B737,KBUF,KEWR,06:03,06:44,0:40
UAL2350,2020.03.13,A320,KBOS,KDEN,18:38,21:16,4:37
UAL2350,2020.03.12,B738,KBOS,KDEN,18:27,20:59,4:32
UAL2350,2020.03.11,B739,KBUF,KEWR,06:24,07:16,0:51
UAL2350,2020.03.10,B737,KBUF,KEWR,06:00,06:51,0:50
CES219,2020.06.10,Unknown,ZSPD,EDDF,04:42,09:47,11:04
CES219,2020.06.08,A359,ZSPD,EDDF,12:15,05:07,10:51
CES219,2020.06.01,A359,ZSPD,EDDF,12:32,05:16,10:43
CES219,2020.05.29,Unknown,ZSPD,EDDF,05:11,10:25,11:13
CES219,2020.05.25,A359,ZSPD,EDDF,12:18,05:05,10:46
CES219,2020.05.22,Unknown,ZSPD,EDDF,05:01,10:05,11:03
CES219,2020.05.21,Unknown,ZSPD,EDDF,05:06,10:22,11:15
CES219,2020.05.18,A359,ZSPD,EDDF,12:24,05:19,10:55
CES219,2020.05.16,Unknown,ZSPD,EDDF,05:12,10:44,11:32
CES219,2020.05.11,A359,ZSPD,EDDF,12:16,05:40,11:24
CES219,2020.05.10,Unknown,ZSPD,EDDF,05:13,10:30,11:16
CES219,2020.05.09,Unknown,ZSPD,EDDF,04:58,10:23,11:25
CES219,2020.05.08,Unknown,ZSPD,EDDF,05:42,11:16,11:34
CES219,2020.05.07,Unknown,ZSPD,EDDF,04:51,10:15,11:24
CES219,2020.05.06,Unknown,ZSPD,EDDF,04:49,10:28,11:38
CES219,2020.05.04,A359,ZSPD,EDDF,12:04,05:13,11:09
CES219,2020.05.03,Unknown,ZSPD,EDDF,07:48,13:28,11:39
CES219,2020.05.02,Unknown,ZSPD,EDDF,04:56,10:32,11:35
CES219,2020.05.01,Unknown,ZSPD,EDDF,05:04,10:52,11:47
CES219,2020.04.30,Unknown,ZSPD,EDDF,04:55,10:35,11:40
CES219,2020.04.29,Unknown,ZSPD,EDDF,04:49,10:38,11:48
CES219,2020.04.27,A359,ZSPD,EDDF,12:13,05:27,11:14
CES219,2020.04.26,Unknown,ZSPD,EDDF,04:56,10:55,11:59
CES219,2020.04.25,Unknown,ZSPD,EDDF,04:56,10:42,11:46
CES219,2020.04.23,Unknown,ZSPD,EDDF,04:53,10:41,11:47
CES219,2020.04.22,Unknown,ZSPD,EDDF,04:57,10:47,11:49
CES219,2020.04.20,A359,ZSPD,EDDF,12:13,05:14,11:01
CES219,2020.04.19,Unknown,ZSPD,EDDF,05:09,10:29,11:19
CES219,2020.04.18,Unknown,ZSPD,EDDF,05:11,10:58,11:47
CES219,2020.04.17,Unknown,ZSPD,EDDF,04:51,10:57,12:06
CES219,2020.04.16,Unknown,ZSPD,EDDF,06:45,24:31,11:46
CES219,2020.04.15,Unknown,ZSPD,EDDF,04:35,10:00,11:25
CES219,2020.04.13,A359,ZSPD,EDDF,12:25,05:34,11:09
CES219,2020.04.12,Unknown,ZSPD,EDDF,05:22,10:29,11:06
CES219,2020.04.10,Unknown,ZSPD,EDDF,05:21,10:50,11:28
CES219,2020.04.09,Unknown,ZSPD,EDDF,05:17,10:31,11:14
CES219,2020.04.08,Unknown,ZSPD,EDDF,05:17,10:32,11:14
CES219,2020.04.06,A359,ZSPD,EDDF,12:08,05:06,10:57
CES219,2020.04.05,Unknown,ZSPD,EDDF,05:17,10:55,11:38
CES219,2020.04.04,Unknown,ZSPD,EDDF,04:19,09:55,11:36
CES219,2020.04.03,Unknown,ZSPD,EDDF,04:41,10:51,12:09
CES219,2020.04.02,A359,ZSPD,EDDF,12:17,05:35,11:18
CES219,2020.03.31,A359,ZSPD,EDDF,12:15,05:55,已取消
CES219,2020.03.28,A359,ZSPD,EDDF,01:04,05:16,11:11
CES219,2020.03.24,A359,ZSPD,EDDF,01:36,05:14,10:38
CES219,2020.03.21,A359,ZSPD,EDDF,12:57,05:39,11:42
CES219,2020.03.16,A359,ZSPD,EDDF,12:39,05:11,11:31
CES219,2020.03.15,A359,ZSPD,EDDF,12:50,05:11,11:20
CES219,2020.03.14,A359,ZSPD,EDDF,01:29,05:20,10:51
CES219,2020.03.12,A359,ZSPD,EDDF,12:56,05:37,11:41
CAL862,2020.06.05,B738,VDPP,RCTP,11:06,15:10,3:04
CAL862,2020.05.01,B738,VDPP,RCTP,11:09,15:04,2:55
CAL862,2020.03.25,B738,VDPP,RCTP,11:26,15:15,2:49
CAL862,2020.03.23,B738,VDPP,RCTP,11:40,15:30,2:50
CAL862,2020.03.21,B738,VDPP,RCTP,11:37,15:34,2:57
CAL862,2020.03.20,B738,VDPP,RCTP,11:30,15:14,2:44
CAL862,2020.03.17,B738,VDPP,RCTP,11:30,15:21,2:51
CAL862,2020.03.16,B738,VDPP,RCTP,11:34,15:20,2:46
CAL862,2020.03.14,B738,VDPP,RCTP,11:28,15:24,2:56
CAL862,2020.03.13,B738,VDPP,RCTP,11:24,15:14,2:50
CAL862,2020.03.12,B738,VDPP,RCTP,11:45,15:44,2:59
CAL862,2020.03.10,B738,VDPP,RCTP,11:28,15:28,3:00
CSC8917,2020.06.11,A321,ZUUU,ZSHC,14:20,16:35,已排班
CSC8917,2020.06.10,A321,ZUUU,ZSHC,14:24,16:50,2:26
CSC8917,2020.06.09,A321,ZUUU,ZSHC,14:54,17:12,2:18
CSC8917,2020.06.08,A321,ZUUU,ZSHC,14:32,16:51,2:19
CSC8917,2020.06.07,A321,ZUUU,ZSHC,14:22,16:36,2:14
CSC8917,2020.06.06,A320,ZUUU,ZSHC,14:09,16:26,2:16
CSC8917,2020.06.05,A321,ZUUU,ZSHC,15:15,17:27,2:12
CSC8917,2020.06.04,A320,ZUUU,ZSHC,15:30,17:45,2:15
CSC8917,2020.06.03,A321,ZUUU,ZSHC,14:53,17:13,2:19
CSC8917,2020.06.02,A321,ZUUU,ZSHC,14:32,16:48,2:15
CSC8917,2020.06.01,A321,ZUUU,ZSHC,14:15,16:25,2:09
CSC8917,2020.05.31,A321,ZUUU,ZSHC,14:19,16:27,2:07
CSC8917,2020.05.30,A320,ZUUU,ZSHC,14:20,16:22,2:02
CSC8917,2020.05.29,A320,ZUUU,ZSHC,14:16,16:27,2:11
CSC8917,2020.05.28,A321,ZUUU,ZSHC,14:22,16:37,2:15
CSC8917,2020.05.27,A320,ZUUU,ZSHC,14:22,16:37,2:15
CSC8917,2020.05.26,A320,ZUUU,ZSHC,14:32,16:43,2:10
CSC8917,2020.05.25,A321,ZUUU,ZSHC,14:38,16:53,2:15
CSC8917,2020.05.24,A321,ZUUU,ZSHC,14:18,16:24,2:06
CSC8917,2020.05.23,A320,ZUUU,ZSHC,14:15,16:29,2:13
CSC8917,2020.05.22,A320,ZUUU,ZSHC,14:19,16:30,2:11
CSC8917,2020.05.21,A321,ZUUU,ZSHC,14:34,16:43,2:08
CSC8917,2020.05.20,A321,ZUUU,ZSHC,14:18,16:27,2:09
CSC8917,2020.05.19,A321,ZUUU,ZSHC,14:20,16:33,2:13
CSC8917,2020.05.18,A320,ZUUU,ZSHC,14:17,16:41,2:24
CSC8917,2020.05.17,A321,ZUUU,ZSHC,14:28,16:49,2:21
CSC8917,2020.05.16,A320,ZUUU,ZSHC,15:03,17:20,2:17
CSC8917,2020.05.15,A320,ZUUU,ZSHC,14:17,16:54,2:37
CSC8917,2020.05.14,A321,ZUUU,ZSHC,14:35,17:05,2:30
CSC8917,2020.05.13,A320,ZUUU,ZSHC,14:17,16:33,2:16
CSC8917,2020.05.12,A330,ZUUU,ZSHC,14:15,16:33,2:17
CSC8917,2020.05.11,A330,ZUUU,ZSHC,14:27,16:36,2:09
CSC8917,2020.05.10,A320,ZUUU,ZSHC,14:17,16:23,2:05
CSC8917,2020.05.09,A320,ZUUU,ZSHC,14:14,16:26,2:12
CSC8917,2020.05.08,A319,ZUUU,ZSHC,14:21,16:43,2:22
CSC8917,2020.05.07,A320,ZUUU,ZSHC,14:17,16:30,2:13
CSC8917,2020.05.06,A320,ZUUU,ZSHC,14:17,16:34,2:16
CSC8917,2020.05.05,A321,ZUUU,ZSHC,14:39,16:58,2:19
CSC8917,2020.05.04,A320,ZUUU,ZSHC,14:18,16:28,2:09
CSC8917,2020.05.03,A319,ZUUU,ZSHC,14:11,16:32,2:21
CSC8917,2020.05.02,A320,ZPPP,ZSAM,11:21,13:41,已取消
CSC8917,2020.04.30,A320,ZPPP,ZSAM,06:55,09:20,已取消
CSC8917,2020.04.29,A320,ZPPP,ZSAM,06:58,08:57,1:58
CSC8917,2020.04.28,A320,ZPPP,ZSAM,24:09,14:29,已取消
CSC8917,2020.04.23,A320,ZPPP,ZSAM,15:09,17:29,已取消
CSC8917,2020.04.21,A320,ZPPP,ZSAM,06:58,08:57,1:58
CSC8917,2020.04.17,A320,ZPPP,ZSAM,06:55,09:20,已取消
CSC8917,2020.04.15,A320,ZPPP,ZSAM,15:53,18:13,已取消
CSC8917,2020.04.13,A320,ZPPP,ZSAM,06:55,09:20,已取消
CSC8917,2020.04.12,A320,ZPPP,ZSAM,06:55,09:20,已取消
CSC8917,2020.04.10,A320,ZPPP,ZSAM,09:46,24:06,已取消
CSC8917,2020.04.06,A320,ZPPP,ZSAM,07:00,08:54,1:53
CSC8917,2020.04.02,A320,ZPPP,ZSAM,06:59,08:54,1:54
CSC8917,2020.03.27,A320,ZPPP,ZSAM,14:50,16:50,已取消
CSC8917,2020.03.22,A320,ZPPP,ZSAM,11:46,14:06,已取消
CSC8917,2020.03.21,A320,ZPPP,ZSAM,08:11,10:20,已取消
CSC8917,2020.03.20,A320,ZPPP,ZSAM,08:17,10:19,2:01
CSC8917,2020.03.19,A320,ZPPP,ZSAM,09:52,24:12,已取消
CSC8917,2020.03.16,A320,ZPPP,ZSAM,06:55,09:20,已取消
CSC8917,2020.03.15,A320,ZPPP,ZSAM,08:11,10:20,已取消
CSC8917,2020.03.14,A320,ZPPP,ZSAM,08:07,10:02,1:54
CSC8917,2020.03.13,A320,ZPPP,ZSAM,08:11,10:08,1:56
CSC8917,2020.03.12,A320,ZPPP,ZSAM,08:10,10:03,1:52
CSC8917,2020.03.11,A320,ZPPP,ZSAM,08:13,10:07,1:53
CFS7695,2020.06.09,C208,KBLI,KSEA,17:16,17:55,0:39
CFS7695,2020.06.08,C208,KBLI,KSEA,17:22,17:57,0:35
CFS7695,2020.06.08,C208,KORS,KBLI,16:12,16:23,0:10
CFS7695,2020.06.08,C208,KFHR,KORS,15:49,15:57,0:08
CFS7695,2020.06.08,C208,KBLI,KFHR,08:50,09:13,0:22
CFS7695,2020.06.05,C208,KBLI,KSEA,17:17,17:51,0:34
CFS7695,2020.06.05,C208,KFHR,KBLI,15:53,16:07,0:13
CFS7695,2020.06.04,C208,KBLI,KSEA,17:21,18:08,0:47
CFS7695,2020.06.03,C208,KBLI,KSEA,17:21,17:58,0:36
CFS7695,2020.06.03,C208,KORS,KBLI,17:20,17:41,0:21
CFS7695,2020.06.03,C208,KORS,KBLI,16:04,16:12,0:08
CFS7695,2020.06.03,C208,KFHR,KORS,15:42,15:57,0:14
CFS7695,2020.06.02,C208,KBLI,KSEA,17:20,18:02,0:42
CFS7695,2020.06.02,C208,KORS,KBLI,17:15,17:50,0:35
CFS7695,2020.06.02,C208,KORS,KBLI,15:55,16:02,0:06
CFS7695,2020.06.02,C208,KFHR,KORS,15:30,15:48,0:18
CFS7695,2020.06.01,C208,KFHR,KSEA,17:10,17:55,0:45
CFS7695,2020.06.01,C208,KBLI,KSEA,16:49,17:33,0:44
CFS7695,2020.06.01,C208,KORS,KBLI,16:10,16:18,0:08
CFS7695,2020.06.01,C208,KSEA,KCLM,14:13,14:41,0:27
CFS7695,2020.05.29,C208,KBLI,KSEA,17:15,17:53,0:38
CFS7695,2020.05.29,C208,KFHR,KORS,15:30,16:16,0:46
CFS7695,2020.05.28,C208,KBLI,KSEA,17:30,18:05,0:34
CFS7695,2020.05.28,C208,KORS,KBLI,17:25,17:31,0:06
CFS7695,2020.05.27,C208,KBLI,KSEA,17:19,18:02,0:42
CFS7695,2020.05.27,C208,KORS,KBLI,17:15,17:20,0:05
CFS7695,2020.05.27,C208,KORS,KBLI,16:04,16:12,0:08
CFS7695,2020.05.27,C208,KFHR,KORS,15:43,15:50,0:06
CFS7695,2020.05.26,C208,KBLI,KSEA,17:23,17:55,0:32
CFS7695,2020.05.26,C208,KORS,KBLI,16:18,16:25,0:06
CFS7695,2020.05.26,C208,KFHR,KORS,15:59,16:05,0:05
CFS7695,2020.05.22,C208,KBLI,KSEA,17:14,17:46,0:32
CFS7695,2020.05.22,C208,KORS,KBLI,17:00,17:14,0:14
CFS7695,2020.05.22,C208,KORS,KBLI,16:19,16:28,0:08
CFS7695,2020.05.22,C208,KFHR,KORS,16:00,16:08,0:07
CFS7695,2020.05.21,C208,KBLI,KSEA,17:20,17:51,0:31
CFS7695,2020.05.21,C208,KORS,KBLI,17:15,17:20,0:05
CFS7695,2020.05.21,C208,KORS,KBLI,16:23,16:30,0:07
CFS7695,2020.05.21,C208,KFHR,KORS,16:00,16:09,0:09
CFS7695,2020.05.20,C208,KBLI,KSEA,17:23,17:58,0:34
CFS7695,2020.05.20,C208,KORS,KBLI,17:20,17:24,0:04
CFS7695,2020.05.20,C208,KORS,KBLI,16:22,16:30,0:08
CFS7695,2020.05.19,C208,KBLI,KSEA,17:13,17:43,0:30
CFS7695,2020.05.19,C208,KORS,KSEA,17:10,17:44,0:34
CFS7695,2020.05.19,C208,KORS,KBLI,15:52,15:58,0:05
CFS7695,2020.05.19,C208,KFHR,KORS,15:31,15:38,0:07
CFS7695,2020.05.18,C208,KBLI,KSEA,17:24,17:58,0:34
CFS7695,2020.05.18,C208,KORS,KBLI,16:20,16:28,0:08
CFS7695,2020.05.18,C208,KFHR,KORS,16:04,16:12,0:08
CFS7695,2020.05.15,C208,KBLI,KSEA,17:14,17:49,0:34
CFS7695,2020.05.15,C208,KORS,KBLI,16:05,16:13,0:07
CFS7695,2020.05.15,C208,KFHR,KORS,15:43,15:49,0:06
CFS7695,2020.05.14,C208,KBLI,KSEA,17:15,17:48,0:32
CFS7695,2020.05.13,C208,KBLI,KSEA,17:18,17:54,0:35
CFS7695,2020.05.13,C208,KORS,KBLI,16:06,16:13,0:07
CFS7695,2020.05.13,C208,KFHR,KORS,15:45,15:54,0:08
CFS7695,2020.05.12,C208,KBLI,KSEA,17:24,18:03,0:39
CFS7695,2020.05.12,C208,KFHR,KBLI,15:30,16:09,0:39
CFS7695,2020.05.11,C208,KBLI,KSEA,17:18,17:53,0:35
CFS7695,2020.05.11,C208,KORS,KBLI,16:02,16:09,0:07
CFS7695,2020.05.11,C208,KFHR,KORS,15:48,15:56,0:08
CFS7695,2020.05.08,C208,KBLI,KSEA,17:19,18:00,0:40
CFS7695,2020.05.08,C208,KORS,KBLI,16:06,16:13,0:07
CFS7695,2020.05.08,C208,KFHR,KORS,15:45,15:52,0:07
CFS7695,2020.05.07,C208,KBLI,KSEA,17:18,17:59,0:40
CFS7695,2020.05.07,C208,KORS,KSEA,17:15,17:59,0:44
CFS7695,2020.05.07,C208,KORS,KBLI,15:59,16:04,0:04
CFS7695,2020.05.07,C208,KFHR,KORS,15:30,15:46,0:16
CFS7695,2020.05.06,C208,KBLI,KSEA,17:19,17:59,0:39
CFS7695,2020.05.06,C208,KORS,KSEA,17:15,18:00,0:45
CFS7695,2020.05.06,C208,KORS,KBLI,16:10,16:19,0:09
CFS7695,2020.05.06,C208,KFHR,KORS,15:30,16:07,0:37
CFS7695,2020.05.05,C208,KBLI,KSEA,17:14,17:51,0:36
CFS7695,2020.05.05,C208,KORS,KBLI,17:10,17:15,0:05
CFS7695,2020.05.04,C208,KBLI,KSEA,17:19,17:56,0:36
CFS7695,2020.05.04,C208,KORS,KBLI,17:15,17:50,0:35
CFS7695,2020.05.04,C208,KORS,KBLI,15:55,16:03,0:08
CFS7695,2020.05.04,C208,KFHR,KORS,15:30,15:47,0:17
CFS7695,2020.05.04,C208,KBLI,KFHR,08:06,08:18,0:11
CFS7695,2020.05.04,C208,KSEA,KBLI,06:33,07:07,0:33
CFS7695,2020.05.01,C208,KBLI,KSEA,17:20,17:59,0:38
CFS7695,2020.05.01,C208,KORS,KBLI,16:08,16:15,0:07
CFS7695,2020.05.01,C208,KFHR,KORS,15:44,15:53,0:08
CFS7695,2020.04.30,C208,KBLI,KSEA,17:16,17:48,0:31
CFS7695,2020.04.30,C208,KORS,KBLI,17:10,19:16,2:06
CFS7695,2020.04.30,C208,KORS,KBLI,15:55,16:01,0:06
CFS7695,2020.04.30,C208,KFHR,KORS,15:43,15:50,0:06
CFS7695,2020.04.29,C208,KBLI,KSEA,17:17,17:56,0:39
CFS7695,2020.04.29,C208,KORS,KBLI,16:04,16:13,0:08
CFS7695,2020.04.29,C208,KFHR,KORS,15:44,15:52,0:07
CFS7695,2020.04.28,C208,KBLI,KSEA,17:15,17:53,0:38
CFS7695,2020.04.28,C208,KORS,KBLI,15:55,16:01,0:06
CFS7695,2020.04.28,C208,KFHR,KORS,15:42,15:46,0:04
CFS7695,2020.04.27,C208,KBLI,KSEA,17:18,17:53,0:35
CFS7695,2020.04.27,C208,KORS,KBLI,17:15,17:19,0:04
CFS7695,2020.04.24,C208,KBLI,KSEA,17:13,17:46,0:33
CFS7695,2020.04.24,C208,KORS,KSEA,17:10,17:47,0:37
CFS7695,2020.04.24,C208,KORS,KBLI,16:10,16:13,0:03
CFS7695,2020.04.23,C208,KBLI,KSEA,17:14,17:47,0:33
CFS7695,2020.04.23,C208,KORS,KBLI,17:10,17:15,0:05
CFS7695,2020.04.23,C208,KORS,KBLI,15:58,16:07,0:08
CFS7695,2020.04.23,C208,KFHR,KORS,15:42,15:52,0:10
CFS7695,2020.04.22,C208,KBLI,KSEA,17:19,17:55,0:35
CFS7695,2020.04.22,C208,KORS,KBLI,16:18,16:31,0:12
CFS7695,2020.04.22,C208,KFHR,KORS,15:52,16:01,0:08
CFS7695,2020.04.21,C208,KBLI,KSEA,17:15,17:50,0:35
CFS7695,2020.04.21,C208,KORS,KBLI,15:57,16:05,0:07
CFS7695,2020.04.21,C208,KFHR,KORS,15:42,15:49,0:06
CFS7695,2020.04.20,C208,KBLI,KSEA,17:14,17:47,0:32
CFS7695,2020.04.20,C208,KORS,KSEA,17:10,17:47,0:37
CFS7695,2020.04.20,C208,KORS,KBLI,16:10,16:18,0:08
CFS7695,2020.04.20,C208,KFHR,KORS,15:50,15:58,0:07
CFS7695,2020.04.17,C208,KBLI,KSEA,17:16,17:50,0:34
CFS7695,2020.04.17,C208,KFHR,KBLI,15:52,16:05,0:12
CFS7695,2020.04.16,C208,KBLI,KSEA,17:14,17:48,0:34
CFS7695,2020.04.16,C208,KORS,KSEA,17:10,17:48,0:38
CFS7695,2020.04.16,C208,KORS,KBLI,16:13,16:22,0:09
CFS7695,2020.04.16,C208,KFHR,KORS,15:51,15:56,0:05
CFS7695,2020.04.15,C208,KBLI,KSEA,17:17,17:51,0:34
CFS7695,2020.04.15,C208,KFHR,KORS,15:30,16:17,0:47
CFS7695,2020.04.14,C208,KBLI,KSEA,17:15,17:45,0:30
CFS7695,2020.04.14,C208,KORS,KSEA,17:05,17:46,0:41
CFS7695,2020.04.13,C208,KBLI,KSEA,17:16,17:48,0:31
CFS7695,2020.04.13,C208,KORS,KSEA,17:15,17:48,0:33
CFS7695,2020.04.13,C208,KORS,KBLI,16:09,16:16,0:06
CFS7695,2020.04.13,C208,KFHR,KORS,15:30,15:55,0:25
CFS7695,2020.04.10,C208,KBLI,KSEA,17:11,17:44,0:33
CFS7695,2020.04.09,C208,KBLI,KSEA,17:18,17:54,0:35
CFS7695,2020.04.09,C208,KORS,KSEA,17:15,17:54,0:39
CFS7695,2020.04.09,C208,KORS,KBLI,15:57,16:05,0:07
CFS7695,2020.04.09,C208,KFHR,KORS,15:45,15:52,0:06
CFS7695,2020.04.08,C208,KBLI,KSEA,17:19,17:57,0:37
CFS7695,2020.04.08,C208,KORS,KBLI,17:15,17:20,0:05
CFS7695,2020.04.07,C208,KBLI,KSEA,17:17,17:48,0:30
CFS7695,2020.04.07,C208,KORS,KBLI,17:15,17:18,0:03
CFS7695,2020.04.07,C208,KFHR,KBLI,15:30,16:09,0:39
CFS7695,2020.04.06,C208,KBLI,KSEA,17:17,17:55,0:37
CFS7695,2020.04.06,C208,KORS,KBLI,17:15,17:18,0:03
CFS7695,2020.04.06,C208,KORS,KBLI,16:02,16:09,0:06
CFS7695,2020.04.06,C208,KFHR,KORS,15:47,15:53,0:05
CFS7695,2020.04.06,C208,KSEA,KBLI,13:28,14:08,0:39
CFS7695,2020.04.04,C208,KBLI,KSEA,08:51,09:30,0:38
CFS7695,2020.04.03,C208,KBLI,KSEA,17:17,17:54,0:36
CFS7695,2020.04.03,C208,KORS,KBLI,17:15,17:18,0:03
CFS7695,2020.04.03,C208,KORS,KBLI,16:03,16:10,0:06
CFS7695,2020.04.03,C208,KFHR,KORS,15:43,15:52,0:08
CFS7695,2020.04.02,C208,KBLI,KSEA,17:15,17:48,0:32
CFS7695,2020.04.02,C208,KORS,KSEA,17:10,17:48,0:38
CFS7695,2020.04.02,C208,KORS,KBLI,15:55,16:01,0:06
CFS7695,2020.04.02,C208,KFHR,KORS,15:41,15:47,0:06
CFS7695,2020.04.01,C208,KBLI,KSEA,17:18,18:01,0:43
CFS7695,2020.04.01,C208,KORS,KBLI,16:04,16:12,0:07
CFS7695,2020.04.01,C208,KFHR,KORS,15:44,15:50,0:05
CFS7695,2020.03.31,Unknown,KORS,KBLI,21:59,22:01,0:02
CFS7695,2020.03.31,C208,KBLI,KSEA,17:16,17:50,0:33
CFS7695,2020.03.31,C208,KORS,KBLI,17:15,17:17,0:02
CFS7695,2020.03.31,C208,KORS,KBLI,15:57,16:04,0:06
CFS7695,2020.03.31,C208,KFHR,KORS,15:42,15:49,0:07
CFS7695,2020.03.30,C208,KBLI,KSEA,17:30,18:04,0:34
CFS7695,2020.03.30,C208,KORS,KBLI,17:25,17:31,0:06
CFS7695,2020.03.30,C208,KORS,KBLI,16:03,16:11,0:08
CFS7695,2020.03.30,C208,KFHR,KORS,15:44,15:53,0:08
CFS7695,2020.03.27,C208,KBLI,KSEA,17:22,17:58,0:36
CFS7695,2020.03.27,C208,KORS,KBLI,16:00,16:08,0:08
CFS7695,2020.03.27,C208,KFHR,KORS,15:42,15:49,0:06
CFS7695,2020.03.26,C208,KBLI,KSEA,17:21,18:00,0:39
CFS7695,2020.03.26,C208,KORS,KSEA,17:15,18:00,0:45
AAL604,2020.04.06,A320,KPHX,KTPA,16:32,22:48,3:15
AAL604,2020.04.05,A320,KPHX,KTPA,15:53,22:10,3:17
AAL604,2020.04.04,A320,KPHX,KTPA,15:43,22:01,3:17
AAL604,2020.04.03,A320,KPHX,KTPA,15:47,22:16,已取消
AAL604,2020.04.02,A320,KPHX,KTPA,15:51,22:21,已取消
AAL604,2020.04.01,A320,KPHX,KTPA,15:51,22:21,已取消
AAL604,2020.03.31,A320,KPHX,KTPA,15:47,22:16,已取消
AAL604,2020.03.30,A320,KPHX,KTPA,15:47,22:01,3:13
AAL604,2020.03.29,A320,KPHX,KTPA,15:47,22:16,已取消
AAL604,2020.03.28,A320,KPHX,KTPA,15:47,22:16,已取消
AAL604,2020.03.27,A320,KPHX,KTPA,15:42,22:06,3:23
AAL604,2020.03.26,A320,KPHX,KTPA,15:47,22:16,已取消
AAL604,2020.03.25,A320,KPHX,KTPA,15:47,22:16,已取消
AAL604,2020.03.24,A320,KPHX,KTPA,15:34,21:42,3:07
AAL604,2020.03.23,A320,KPHX,KTPA,15:34,21:51,3:16
AAL604,2020.03.22,A320,KPHX,KTPA,15:47,21:55,3:07
AAL604,2020.03.21,A320,KPHX,KTPA,15:47,22:16,已取消
AAL604,2020.03.20,A320,KPHX,KTPA,15:42,21:56,3:14
AAL604,2020.03.19,A320,KPHX,KTPA,15:48,22:11,3:22
AAL604,2020.03.18,A319,KPHX,KTPA,18:25,12:47,3:21
AAL604,2020.03.17,A320,KPHX,KTPA,15:47,22:08,3:20
AAL604,2020.03.16,A320,KPHX,KTPA,15:52,22:21,3:28
AAL604,2020.03.15,A320,KPHX,KTPA,15:43,22:11,3:27
AAL604,2020.03.14,A320,KPHX,KTPA,15:58,22:30,3:32
AAL604,2020.03.13,A320,KPHX,KTPA,19:03,01:25,3:21
AAL604,2020.03.12,A320,KPHX,KTPA,15:50,22:07,3:16
AAL604,2020.03.11,A320,KPHX,KTPA,15:59,22:07,3:07
AAL604,2020.03.10,A320,KPHX,KTPA,15:57,22:12,3:14
JAL107,2020.04.04,B738,RJTT,RJOO,08:42,09:29,0:47
JAL107,2020.03.27,B788,RJTT,RJOO,08:42,09:27,0:45
JAL107,2020.03.26,B788,RJTT,RJOO,08:52,09:35,0:43
JAL107,2020.03.24,B788,RJTT,RJOO,08:46,09:32,0:46
JAL107,2020.03.23,B788,RJTT,RJOO,08:46,09:34,0:47
JAL107,2020.03.22,B788,RJTT,RJOO,08:36,09:23,0:47
JAL107,2020.03.21,B788,RJTT,RJOO,08:40,09:28,0:47
JAL107,2020.03.20,B788,RJTT,RJOO,09:01,09:50,0:49
JAL107,2020.03.19,B788,RJTT,RJOO,08:51,09:38,0:46
JAL107,2020.03.14,B788,RJTT,RJOO,08:46,09:36,0:49
JAL107,2020.03.13,B788,RJTT,RJOO,08:50,09:37,0:46
JAL107,2020.03.12,B788,RJTT,RJOO,08:43,09:28,0:44
JAL107,2020.03.11,B788,RJTT,RJOO,08:45,09:30,0:45
CJT981,2020.06.09,A306,MMGL,KCVG,20:00,12:05,3:04
CJT981,2020.06.08,A306,MMGL,KCVG,20:13,12:24,3:11
CJT981,2020.06.08,Unknown,MMQT,MMGL,18:15,18:50,0:34
CJT981,2020.06.07,A306,MMGL,KCVG,08:53,13:14,3:20
CJT981,2020.06.07,Unknown,MMQT,MMGL,06:55,07:33,0:37
CJT981,2020.06.05,A306,MMGL,KCVG,20:03,12:29,3:25
CJT981,2020.06.05,Unknown,MMQT,MMGL,18:12,18:52,0:39
CJT981,2020.06.04,A306,MMGL,KCVG,20:14,12:37,3:23
CJT981,2020.06.03,A306,MMGL,KCVG,20:22,12:49,3:26
CJT981,2020.06.03,Unknown,MMQT,MMGL,18:16,18:56,0:39
CJT981,2020.06.03,A306,KCVG,MMGL,07:07,09:35,3:28
CJT981,2020.06.02,A306,MMGL,KCVG,20:01,12:30,3:29
CJT981,2020.06.02,Unknown,MMQT,MMGL,18:05,18:50,0:44
CJT981,2020.06.01,A306,MMGL,KCVG,20:21,12:40,3:18
CJT981,2020.06.01,Unknown,MMQT,MMGL,18:20,19:08,0:47
CJT981,2020.05.31,A306,MMGL,KCVG,08:27,24:46,3:19
CJT981,2020.05.31,Unknown,MMQT,MMGL,06:25,07:11,0:45
CJT981,2020.05.29,A306,MMGL,KCVG,20:17,12:25,3:07
CJT981,2020.05.29,Unknown,MMQT,MMGL,18:21,19:00,0:39
CJT981,2020.05.28,A306,MMGL,KCVG,20:07,12:36,3:28
CJT981,2020.05.28,Unknown,MMQT,MMGL,18:13,18:49,0:35
CJT981,2020.05.27,A306,MMGL,KCVG,20:21,12:41,3:19
CJT981,2020.05.27,Unknown,MMQT,MMGL,18:28,19:14,0:46
CJT981,2020.05.26,A306,MMGL,KCVG,19:59,12:18,3:19
CJT981,2020.05.25,A306,MMGL,KCVG,20:16,12:32,3:16
CJT981,2020.05.25,Unknown,MMQT,MMGL,18:17,18:53,0:36
CJT981,2020.05.24,A306,MMGL,KCVG,08:27,24:49,3:21
CJT981,2020.05.24,Unknown,MMQT,MMGL,06:30,07:08,0:37
CJT981,2020.05.22,A306,MMGL,KCVG,20:06,12:24,3:17
CJT981,2020.05.21,A306,MMGL,KCVG,20:02,12:23,3:20
CJT981,2020.05.21,Unknown,MMQT,MMGL,18:21,18:59,0:37
CJT981,2020.05.20,A306,MMGL,KCVG,21:31,01:48,3:16
CJT981,2020.05.20,Unknown,MMQT,MMGL,19:37,20:14,0:36
CJT981,2020.05.19,A306,MMGL,KCVG,19:58,12:22,3:24
CJT981,2020.05.19,Unknown,MMQT,MMGL,18:12,18:43,0:31
CJT981,2020.05.18,A306,MMGL,KCVG,20:03,12:28,3:24
CJT981,2020.05.18,Unknown,MMQT,MMGL,18:10,18:48,0:37
CJT981,2020.05.17,A306,MMGL,KCVG,08:58,13:18,3:20
CJT981,2020.05.17,Unknown,MMQT,MMGL,06:55,07:33,0:37
CJT981,2020.05.15,A306,MMGL,KCVG,20:08,12:18,3:10
CJT981,2020.05.15,Unknown,MMQT,MMGL,18:10,18:44,0:33
CJT981,2020.05.12,A306,MMGL,KCVG,20:44,12:52,3:08
CJT981,2020.05.12,Unknown,MMQT,MMGL,18:26,19:00,0:34
CJT981,2020.05.11,A306,MMGL,KCVG,20:55,01:04,3:08
CJT981,2020.05.11,Unknown,MMQT,MMGL,18:22,19:00,0:37
CJT981,2020.05.10,B762,MMGL,KCVG,08:19,24:41,3:21
CJT981,2020.05.10,B762,MMQT,MMGL,06:11,06:57,0:45
CJT981,2020.05.08,B762,MMGL,KCVG,20:12,12:30,3:17
CJT981,2020.05.08,B762,MMQT,MMGL,18:14,18:50,0:35
CJT981,2020.05.07,B762,MMGL,KCVG,20:27,12:46,3:18
CJT981,2020.05.07,B762,MMQT,MMGL,18:12,18:56,0:43
CJT981,2020.05.06,B762,MMGL,KCVG,20:04,12:29,3:24
CJT981,2020.05.06,B762,MMQT,MMGL,18:06,18:46,0:39
CJT981,2020.05.05,B762,MMGL,KCVG,20:18,12:36,3:17
CJT981,2020.05.05,B762,MMQT,MMGL,18:15,18:55,0:39
CJT981,2020.05.04,B762,MMGL,KCVG,20:37,12:49,3:11
CJT981,2020.05.04,B762,MMQT,MMGL,18:28,19:02,0:34
CJT981,2020.05.03,B762,MMGL,KCVG,08:47,13:09,3:21
CJT981,2020.05.03,B762,MMQT,MMGL,06:22,06:56,0:33
CJT981,2020.05.01,B762,MMGL,KCVG,20:03,12:24,3:20
CJT981,2020.05.01,B762,MMQT,MMGL,17:54,18:34,0:39
CJT981,2020.04.30,B762,MMGL,KCVG,20:17,12:57,3:39
CJT981,2020.04.30,B762,MMQT,MMGL,18:11,18:53,0:41
CJT981,2020.04.29,B762,MMGL,KCVG,20:00,12:24,3:24
CJT981,2020.04.29,B762,MMQT,MMGL,17:59,18:36,0:36
CJT981,2020.04.28,B762,MMGL,KCVG,20:08,12:27,3:18
CJT981,2020.04.28,B762,MMQT,MMGL,17:57,18:32,0:34
CJT981,2020.04.27,B763,MMGL,KCVG,20:12,12:33,3:21
CJT981,2020.04.27,B762,MMQT,MMGL,18:12,18:56,0:44
CJT981,2020.04.26,B762,MMGL,KCVG,08:34,13:10,3:36
CJT981,2020.04.26,B762,MMQT,MMGL,06:23,06:59,0:35
CJT981,2020.04.24,B762,MMGL,KCVG,20:07,12:30,3:22
CJT981,2020.04.24,B762,MMQT,MMGL,18:05,18:40,0:34
CJT981,2020.04.23,B762,MMGL,KCVG,21:33,12:52,2:18
CJT981,2020.04.22,B762,MMGL,KCVG,20:24,12:24,2:59
CJT981,2020.04.22,B762,MMQT,MMGL,17:57,18:29,0:31
CJT981,2020.04.21,B763,MMGL,KCVG,19:43,23:54,3:11
CJT981,2020.04.20,B762,MMGL,KCVG,20:01,12:10,3:09
CJT981,2020.04.20,B762,MMQT,MMGL,18:08,18:42,0:33
CJT981,2020.04.19,B762,MMGL,KCVG,08:30,24:37,3:07
CJT981,2020.04.19,B762,MMQT,MMGL,06:09,06:45,0:35
CJT981,2020.04.17,B762,MMGL,KCVG,19:55,23:57,3:01
CJT981,2020.04.17,B762,MMQT,MMGL,18:15,18:49,0:33
CJT981,2020.04.16,B762,MMGL,KCVG,21:42,01:39,2:57
CJT981,2020.04.15,B762,MMGL,KCVG,21:52,01:54,3:01
CJT981,2020.04.15,B762,MMQT,MMGL,18:32,19:08,0:36
CJT981,2020.04.14,B763,MMGL,KCVG,20:37,12:29,2:52
CJT981,2020.04.14,Unknown,MMQT,MMGL,19:02,19:40,0:37
CJT981,2020.04.13,B763,MMGL,KCVG,19:53,23:50,2:56
CJT981,2020.04.12,B763,MMGL,KCVG,08:26,24:37,3:10
CJT981,2020.04.12,Unknown,MMQT,MMGL,06:19,06:55,0:35
CJT981,2020.04.10,B763,MMQT,KCVG,02:30,06:25,2:55
CJT981,2020.04.08,B763,MMGL,KCVG,20:04,12:17,3:13
CJT981,2020.04.08,Unknown,MMQT,MMGL,18:01,18:35,0:33
CJT981,2020.04.07,B763,MMGL,KCVG,19:52,23:58,3:05
CJT981,2020.04.07,Unknown,MMQT,MMGL,17:59,18:32,0:32
CJT981,2020.04.06,B763,MMGL,KCVG,19:48,23:51,3:03
CJT981,2020.04.06,Unknown,MMQT,MMGL,18:12,18:45,0:32
CJT981,2020.04.05,B763,MMGL,KCVG,08:11,24:17,3:06
CJT981,2020.04.05,Unknown,MMQT,MMGL,06:08,06:45,0:36
CJT981,2020.04.03,B763,MMGL,KCVG,18:51,23:58,3:07
CJT981,2020.04.03,Unknown,MMQT,MMGL,17:14,17:48,0:33
CJT981,2020.04.02,B763,MMGL,KCVG,19:11,12:22,3:10
CJT981,2020.04.02,Unknown,MMQT,MMGL,17:13,17:48,0:34
CJT981,2020.04.01,B763,MMGL,KCVG,19:05,12:11,3:06
CJT981,2020.04.01,Unknown,MMQT,MMGL,17:05,17:39,0:33
CJT981,2020.03.31,B763,MMGL,KCVG,19:01,12:15,3:14
CJT981,2020.03.31,Unknown,MMQT,MMGL,17:15,17:50,0:34
CJT981,2020.03.30,B763,MMGL,KCVG,19:03,12:11,3:08
CJT981,2020.03.30,Unknown,MMQT,MMGL,17:03,17:38,0:34
CJT981,2020.03.29,B763,MMGL,KCVG,08:24,13:30,3:05
CJT981,2020.03.27,B763,MMGL,KCVG,19:01,12:07,3:06
CJT981,2020.03.27,Unknown,MMQT,MMGL,16:53,17:35,0:41
CJT981,2020.03.26,B763,MMGL,KCVG,19:00,12:00,3:00
CJT981,2020.03.25,B763,MMGL,KCVG,19:03,12:08,3:05
CJT981,2020.03.24,B763,MMGL,KCVG,18:55,12:06,3:10
CJT981,2020.03.24,Unknown,MMQT,MMGL,17:06,17:44,0:37
CJT981,2020.03.23,B763,MMGL,KCVG,19:18,12:26,3:08
CJT981,2020.03.23,Unknown,MMQT,MMGL,17:11,17:52,0:40
CJT981,2020.03.22,B763,MMGL,KCVG,08:21,13:35,3:14
CJT981,2020.03.22,Unknown,MMQT,MMGL,06:24,06:58,0:33
CJT981,2020.03.20,B763,MMGL,KCVG,19:12,12:20,3:08
CJT981,2020.03.20,Unknown,MMQT,MMGL,17:06,17:45,0:38
CJT981,2020.03.19,B763,MMGL,KCVG,19:15,12:23,3:08
CJT981,2020.03.19,Unknown,MMQT,MMGL,17:20,18:05,0:45
CJT981,2020.03.18,B763,MMGL,KCVG,19:02,12:09,3:07
CJT981,2020.03.18,Unknown,MMQT,MMGL,17:15,17:49,0:33
CJT981,2020.03.17,B763,MMGL,KCVG,19:19,12:26,3:07
CJT981,2020.03.17,Unknown,MMQT,MMGL,17:19,17:55,0:35
CJT981,2020.03.16,B763,MMGL,KCVG,17:04,22:09,3:04
CJT981,2020.03.16,Unknown,MMQT,MMGL,15:15,15:53,0:37
CJT981,2020.03.15,B763,MMGL,KCVG,08:36,13:44,3:08
CJT981,2020.03.15,Unknown,MMQT,MMGL,06:21,06:54,0:32
CJT981,2020.03.13,B763,MMGL,KCVG,19:15,12:14,2:59
CJT981,2020.03.13,Unknown,MMQT,MMGL,17:15,17:52,0:36
CJT981,2020.03.12,B763,MMGL,KCVG,19:10,12:22,3:11
CJT981,2020.03.12,Unknown,MMQT,MMGL,17:23,17:56,0:32
CJT981,2020.03.11,B763,MMGL,KCVG,19:12,12:27,3:15
CJT981,2020.03.10,B763,MMGL,KCVG,19:13,12:29,3:16
CJT981,2020.03.10,Unknown,MMQT,MMGL,17:15,17:59,0:43
CJT981,2020.03.09,B763,MMGL,KCVG,19:06,12:10,3:04
TWB702,2020.06.12,737,RKPC,RKSS,08:05,08:55,已排班
TWB702,2020.06.11,737,RKPC,RKSS,08:05,08:55,已排班
TWB702,2020.06.10,737,RKPC,RKSS,08:08,08:58,0:50
TWB702,2020.06.09,737,RKPC,RKSS,08:28,09:12,0:43
TWB702,2020.06.08,737,RKPC,RKSS,08:17,09:25,1:08
TWB702,2020.06.07,737,RKPC,RKSS,08:09,09:01,0:51
TWB702,2020.06.06,737,RKPC,RKSS,08:14,09:06,0:51
TWB702,2020.06.05,737,RKPC,RKSS,08:29,09:16,0:46
TWB702,2020.06.04,737,RKPC,RKSS,08:32,09:21,0:48
TWB702,2020.06.03,737,RKPC,RKSS,08:06,08:53,0:46
TWB702,2020.06.02,737,RKPC,RKSS,08:34,09:23,0:48
TWB702,2020.06.01,737,RKPC,RKSS,08:11,08:58,0:46
TWB702,2020.05.31,737,RKPC,RKSS,08:20,09:08,0:47
TWB702,2020.05.30,737,RKPC,RKSS,08:08,08:53,0:44
TWB702,2020.05.29,737,RKPC,RKSS,08:02,08:47,0:44
TWB702,2020.05.28,737,RKPC,RKSS,08:35,09:26,0:51
TWB702,2020.05.27,737,RKPC,RKSS,08:10,08:58,0:47
TWB702,2020.05.26,737,RKPC,RKSS,08:31,09:15,0:43
TWB702,2020.05.25,737,RKPC,RKSS,08:03,09:15,1:12
TWB702,2020.05.24,737,RKPC,RKSS,08:03,08:52,0:48
TWB702,2020.05.23,737,RKPC,RKSS,08:04,08:56,0:52
TWB702,2020.05.22,737,RKPC,RKSS,08:06,08:55,0:48
TWB702,2020.05.21,737,RKPC,RKSS,08:07,09:01,0:53
TWB702,2020.05.20,737,RKPC,RKSS,08:00,08:50,0:49
TWB702,2020.05.19,737,RKPC,RKSS,07:55,08:51,0:55
TWB702,2020.05.18,737,RKPC,RKSS,08:04,08:48,0:43
TWB702,2020.05.17,737,RKPC,RKSS,07:51,08:45,0:54
TWB702,2020.05.16,737,RKPC,RKSS,08:30,09:22,0:51
TWB702,2020.05.15,737,RKPC,RKSS,08:11,09:00,0:48
TWB702,2020.05.14,737,RKPC,RKSS,08:08,09:02,0:53
TWB702,2020.05.13,737,RKPC,RKSS,07:50,08:55,1:05
TWB702,2020.05.12,737,RKPC,RKSS,08:11,09:05,0:53
TWB702,2020.05.11,737,RKPC,RKSS,08:01,08:47,0:45
TWB702,2020.05.10,737,RKPC,RKSS,08:06,08:53,0:46
TWB702,2020.05.09,737,RKPC,RKSS,09:51,10:44,0:52
TWB702,2020.05.08,737,RKPC,RKSS,08:22,09:11,0:48
TWB702,2020.05.07,737,RKPC,RKSS,08:07,08:58,0:50
TWB702,2020.05.06,737,RKPC,RKSS,08:06,08:52,0:45
TWB702,2020.05.05,737,RKPC,RKSS,08:06,08:54,0:47
TWB702,2020.05.04,737,RKPC,RKSS,08:17,09:02,0:45
TWB702,2020.05.03,737,RKPC,RKSS,08:11,08:57,0:45
TWB702,2020.05.02,737,RKPC,RKSS,08:11,08:50,0:38
TWB702,2020.05.01,737,RKPC,RKSS,08:06,08:59,0:52
TWB702,2020.04.30,737,RKPC,RKSS,08:02,08:57,0:54
TWB702,2020.04.29,737,RKPC,RKSS,08:03,08:54,0:50
TWB702,2020.04.26,737,RKPC,RKSS,08:07,08:55,0:47
TWB702,2020.04.25,737,RKPC,RKSS,08:03,08:57,0:53
TWB702,2020.04.24,737,RKPC,RKSS,07:59,08:54,0:54
TWB702,2020.04.22,737,RKPC,RKSS,07:59,08:47,0:47
TWB702,2020.04.13,737,RKPC,RKSS,08:05,08:55,已取消
TWB702,2020.04.12,737,RKPC,RKSS,08:05,08:55,已取消
TWB702,2020.04.11,737,RKPC,RKSS,08:05,08:55,已取消
TWB702,2020.04.10,737,RKPC,RKSS,08:02,08:54,0:51
TWB702,2020.04.06,737,RKPC,RKSS,08:00,08:51,0:50
TWB702,2020.04.05,737,RKPC,RKSS,08:02,08:58,0:56
TWB702,2020.04.04,737,RKPC,RKSS,08:02,08:55,0:53
TWB702,2020.04.03,737,RKPC,RKSS,08:05,08:50,0:44
TWB702,2020.04.02,737,RKPC,RKSS,08:04,08:54,0:49
TWB702,2020.04.01,737,RKPC,RKSS,08:00,08:49,0:48
TWB702,2020.03.31,737,RKPC,RKSS,08:06,08:53,0:47
TWB702,2020.03.30,737,RKPC,RKSS,08:09,08:54,0:44
TWB702,2020.03.29,737,RKPC,RKSS,08:02,08:48,0:45
TWB702,2020.03.28,737,RKPC,RKSS,08:08,08:54,0:45
TWB702,2020.03.27,737,RKPC,RKSS,07:59,08:41,0:42
TWB702,2020.03.26,737,RKPC,RKSS,08:03,08:49,0:45
TWB702,2020.03.25,737,RKPC,RKSS,08:03,08:54,0:50
TWB702,2020.03.24,737,RKPC,RKSS,08:04,08:52,0:47
TWB702,2020.03.23,737,RKPC,RKSS,08:10,08:58,0:47
TWB702,2020.03.22,737,RKPC,RKSS,08:03,08:56,0:52
TWB702,2020.03.21,737,RKPC,RKSS,08:06,09:03,0:57
TWB702,2020.03.20,737,RKPC,RKSS,08:13,09:02,0:49
TWB702,2020.03.19,737,RKPC,RKSS,08:01,08:47,0:46
TWB702,2020.03.18,737,RKPC,RKSS,08:07,08:58,0:50
TWB702,2020.03.17,737,RKPC,RKSS,08:07,08:59,0:51
TWB702,2020.03.16,737,RKPC,RKSS,08:09,08:59,0:49
TWB702,2020.03.15,737,RKPC,RKSS,07:59,08:51,0:51
TWB702,2020.03.14,737,RKPC,RKSS,08:04,08:54,0:49
TWB702,2020.03.13,737,RKPC,RKSS,08:03,08:49,0:45
TWB702,2020.03.12,737,RKPC,RKSS,08:03,08:58,0:55
TWB702,2020.03.11,737,RKPC,RKSS,07:52,09:04,1:12
AAL237,2020.06.10,A321,KLAX,KJFK,23:10,07:11,已排班
AAL237,2020.06.09,A321,KLAX,KJFK,23:05,06:56,4:50
AAL237,2020.06.08,A321,KLAX,KJFK,23:14,07:08,4:53
AAL237,2020.06.07,A321,KLAX,KJFK,23:15,06:56,4:40
AAL237,2020.06.06,A321,KLAX,KJFK,23:12,07:05,4:53
AAL237,2020.06.05,A321,KLAX,KJFK,23:19,07:11,4:51
AAL237,2020.06.04,A321,KLAX,KJFK,23:15,07:06,4:50
AAL237,2020.05.12,A321,KLAX,KJFK,23:02,06:51,已取消
AAL237,2020.05.11,A321,KLAX,KJFK,23:02,06:51,已取消
AAL237,2020.05.10,A321,KLAX,KJFK,23:02,06:51,已取消
AAL237,2020.05.09,A321,KLAX,KJFK,23:02,06:51,已取消
AAL237,2020.05.08,A321,KLAX,KJFK,23:02,06:51,已取消
AAL237,2020.05.07,A321,KLAX,KJFK,23:02,06:51,已取消
AAL237,2020.04.06,B738,MMSD,KLAX,15:07,16:16,2:08
AAL237,2020.04.06,B738,KLAX,MMSD,10:48,13:59,2:10
AAL237,2020.04.05,B738,MMSD,KLAX,15:04,16:10,2:05
AAL237,2020.04.05,B738,KLAX,MMSD,10:43,13:47,2:03
AAL237,2020.04.04,B738,MMSD,KLAX,13:59,16:01,2:02
AAL237,2020.04.04,B738,KLAX,MMSD,10:51,24:48,1:57
AAL237,2020.04.03,B738,MMSD,KLAX,14:04,16:20,2:15
AAL237,2020.04.03,B738,KLAX,MMSD,10:46,24:43,1:56
AAL237,2020.04.02,B738,MMSD,KLAX,14:03,16:24,2:20
AAL237,2020.04.02,B738,KLAX,MMSD,10:50,24:48,1:57
AAL237,2020.04.01,B738,MMSD,KLAX,13:47,15:55,2:07
AAL237,2020.04.01,B738,KLAX,MMSD,10:46,24:44,1:58
AAL237,2020.03.31,B738,MMSD,KLAX,15:23,17:25,2:01
AAL237,2020.03.31,B738,KLAX,MMSD,10:46,24:46,1:59
AAL237,2020.03.30,B738,MMSD,KLAX,14:17,16:25,2:07
AAL237,2020.03.30,B738,KLAX,MMSD,10:52,24:53,2:00
AAL237,2020.03.29,B738,MMSD,KLAX,14:11,16:29,2:17
AAL237,2020.03.29,B738,KLAX,MMSD,11:15,13:10,1:54
AAL237,2020.03.28,B738,MMSD,KLAX,14:08,16:30,2:21
AAL237,2020.03.28,B738,KLAX,MMSD,10:46,24:36,1:50
AAL237,2020.03.27,B738,MMSD,KLAX,15:06,17:20,2:13
AAL237,2020.03.27,B738,KLAX,MMSD,24:18,14:15,1:56
AAL237,2020.03.26,B738,MMSD,KLAX,14:01,16:05,2:03
AAL237,2020.03.26,B738,KLAX,MMSD,10:46,24:49,2:02
AAL237,2020.03.25,B738,MMSD,KLAX,14:06,16:09,2:02
AAL237,2020.03.25,B738,KLAX,MMSD,10:57,24:58,2:01
AAL237,2020.03.24,B738,MMSD,KLAX,14:04,16:10,2:05
AAL237,2020.03.24,B738,KLAX,MMSD,10:38,24:49,2:10
AAL237,2020.03.23,B738,MMSD,KLAX,14:12,16:40,已取消
AAL237,2020.03.23,B738,KLAX,MMSD,10:55,24:57,已取消
AAL237,2020.03.22,B738,MMSD,KLAX,14:06,16:16,2:09
AAL237,2020.03.22,B738,KLAX,MMSD,10:54,24:44,1:50
AAL237,2020.03.21,B738,MMSD,KLAX,14:21,16:44,2:23
AAL237,2020.03.21,B738,KLAX,MMSD,10:44,24:30,1:46
AAL237,2020.03.20,B738,MMSD,KLAX,14:08,16:18,2:09
AAL237,2020.03.20,B738,KLAX,MMSD,10:56,24:57,2:01
AAL237,2020.03.19,B738,MMSD,KLAX,14:10,16:20,2:10
AAL237,2020.03.19,B738,KLAX,MMSD,10:37,24:31,1:53
AAL237,2020.03.18,B738,MMSD,KLAX,14:07,16:15,2:08
AAL237,2020.03.18,B738,KLAX,MMSD,10:45,24:47,2:02
AAL237,2020.03.17,B738,MMSD,KLAX,14:11,16:17,2:06
AAL237,2020.03.17,B738,KLAX,MMSD,10:57,24:58,2:01
AAL237,2020.03.16,B738,MMSD,KLAX,14:16,16:27,2:10
AAL237,2020.03.16,B738,KLAX,MMSD,10:49,24:50,2:01
AAL237,2020.03.15,B738,MMSD,KLAX,14:13,16:20,2:06
AAL237,2020.03.15,B738,KLAX,MMSD,10:48,24:49,2:01
AAL237,2020.03.14,B738,MMSD,KLAX,14:39,16:41,2:01
AAL237,2020.03.14,B738,KLAX,MMSD,11:16,13:27,2:11
AAL237,2020.03.13,B738,MMSD,KLAX,14:23,16:27,2:03
AAL237,2020.03.13,B738,KLAX,MMSD,11:05,13:07,2:02
AAL237,2020.03.12,B738,MMSD,KLAX,14:45,16:50,2:05
AAL237,2020.03.12,B738,KLAX,MMSD,11:01,13:15,2:13
AAL237,2020.03.11,B738,MMSD,KLAX,14:27,16:28,2:01
AAL237,2020.03.11,B738,KLAX,MMSD,10:51,13:06,2:15
AAL237,2020.03.10,B738,MMSD,KLAX,14:18,16:29,2:10
AAL237,2020.03.10,B738,KLAX,MMSD,10:53,24:56,2:03
JBU616,2020.03.31,A321,KSFO,KJFK,16:15,12:04,4:48
JBU616,2020.03.30,A321,KSFO,KJFK,16:09,23:45,4:35
JBU616,2020.03.29,A321,KSFO,KJFK,16:03,23:49,4:45
JBU616,2020.03.28,A321,KSFO,KJFK,15:50,23:46,4:55
JBU616,2020.03.27,A321,KSFO,KJFK,15:54,23:35,4:40
JBU616,2020.03.26,A320,KSFO,KJFK,16:01,12:15,已取消
JBU616,2020.03.25,A320,KSFO,KJFK,16:01,12:15,已取消
JBU616,2020.03.24,A320,KSFO,KJFK,16:01,12:15,已取消
JBU616,2020.03.23,A321,KSFO,KJFK,16:55,12:47,4:51
JBU616,2020.03.22,A321,KSFO,KJFK,15:48,23:59,5:11
JBU616,2020.03.21,A321,KSFO,KJFK,15:53,12:03,5:09
JBU616,2020.03.20,A321,KSFO,KJFK,17:12,01:31,5:18
JBU616,2020.03.19,A321,KSFO,KJFK,15:49,23:39,4:49
JBU616,2020.03.18,A321,KSFO,KJFK,16:04,12:18,已取消
JBU616,2020.03.17,A321,KSFO,KJFK,15:46,23:29,4:42
JBU616,2020.03.16,A321,KSFO,KJFK,15:48,23:33,4:44
JBU616,2020.03.15,A321,KSFO,KJFK,16:07,23:53,4:45
JBU616,2020.03.14,A321,KSFO,KJFK,16:22,23:58,4:35
JBU616,2020.03.13,A321,KSFO,KJFK,15:56,23:43,4:47
JBU616,2020.03.12,A321,KSFO,KJFK,15:54,23:26,4:31
JBU616,2020.03.11,A321,KSFO,KJFK,15:48,23:42,4:53
JBU616,2020.03.10,A321,KSFO,KJFK,15:54,23:35,4:40
DLH457,2020.03.14,A388,KLAX,EDDF,16:40,11:20,已取消
DLH457,2020.03.13,A388,KLAX,EDDF,17:06,11:02,9:55
DLH457,2020.03.12,A388,KLAX,EDDF,17:43,11:31,9:47
DLH457,2020.03.11,A388,KLAX,EDDF,17:14,11:03,9:49
DLH457,2020.03.10,A388,KLAX,EDDF,16:49,10:52,10:02
AAR623,2020.03.22,A333,RKSI,PGSN,08:12,24:57,3:45
AAR623,2020.03.16,A333,RKSI,PGSN,08:19,13:07,3:48
AAR623,2020.03.15,A321,RKSI,PGSN,08:17,24:58,3:40
AAR623,2020.03.13,A321,RKSI,PGSN,08:13,24:52,3:38
AAR623,2020.03.11,A321,RKSI,PGSN,08:24,13:19,3:54
GLO1440,2020.03.27,Unknown,SBGR,SBGO,04:49,06:03,1:14
GLO1440,2020.03.24,B738,SBGR,SBGO,20:45,22:05,已取消
GLO1440,2020.03.23,B737,SBGR,SBGO,20:45,22:05,已取消
GLO1440,2020.03.23,B737,SBGR,SBGO,20:45,22:05,已取消
GLO1440,2020.03.23,Unknown,SBGR,SBGO,04:31,05:42,1:11
GLO1440,2020.03.22,Unknown,SBGR,SBGO,04:29,05:45,1:16
GLO1440,2020.03.20,B738,SBGR,SBGO,20:44,21:58,1:14
GLO1440,2020.03.19,B738,SBGR,SBGO,20:48,22:07,1:18
GLO1440,2020.03.18,B738,SBGR,SBGO,20:46,21:56,1:10
GLO1440,2020.03.17,B738,SBGR,SBGO,20:47,21:52,1:04
GLO1440,2020.03.14,B738,SBGR,SBGO,20:44,21:56,1:12
GLO1440,2020.03.12,B738,SBGR,SBGO,21:02,22:11,1:08
